-- MySQL dump 10.13  Distrib 5.1.73, for redhat-linux-gnu (x86_64)
--
-- Host: localhost    Database: decaro
-- ------------------------------------------------------
-- Server version	5.1.73

/*!40101 SET @OLD_CHARACTER_SET_CLIENT=@@CHARACTER_SET_CLIENT */;
/*!40101 SET @OLD_CHARACTER_SET_RESULTS=@@CHARACTER_SET_RESULTS */;
/*!40101 SET @OLD_COLLATION_CONNECTION=@@COLLATION_CONNECTION */;
/*!40101 SET NAMES utf8 */;
/*!40103 SET @OLD_TIME_ZONE=@@TIME_ZONE */;
/*!40103 SET TIME_ZONE='+00:00' */;
/*!40014 SET @OLD_UNIQUE_CHECKS=@@UNIQUE_CHECKS, UNIQUE_CHECKS=0 */;
/*!40014 SET @OLD_FOREIGN_KEY_CHECKS=@@FOREIGN_KEY_CHECKS, FOREIGN_KEY_CHECKS=0 */;
/*!40101 SET @OLD_SQL_MODE=@@SQL_MODE, SQL_MODE='NO_AUTO_VALUE_ON_ZERO' */;
/*!40111 SET @OLD_SQL_NOTES=@@SQL_NOTES, SQL_NOTES=0 */;

--
-- Table structure for table `client_stations`
--

create database decaro;
use decaro;

DROP TABLE IF EXISTS `client_stations`;
/*!40101 SET @saved_cs_client     = @@character_set_client */;
/*!40101 SET character_set_client = utf8 */;
CREATE TABLE `client_stations` (
  `id` int(11) NOT NULL AUTO_INCREMENT,
  `client_id` int(11) NOT NULL,
  `name` varchar(256) COLLATE utf8_bin DEFAULT NULL,
  `address` varchar(256) COLLATE utf8_bin DEFAULT NULL,
  `address2` varchar(256) COLLATE utf8_bin DEFAULT NULL,
  `city` varchar(128) COLLATE utf8_bin DEFAULT NULL,
  `state` varchar(128) COLLATE utf8_bin DEFAULT NULL,
  `zipcode` varchar(12) COLLATE utf8_bin DEFAULT NULL,
  `phone_number` varchar(256) COLLATE utf8_bin DEFAULT NULL,
  `fax_number` varchar(256) COLLATE utf8_bin DEFAULT NULL,
  `contact` varchar(256) COLLATE utf8_bin DEFAULT NULL,
  PRIMARY KEY (`id`)
) ENGINE=InnoDB AUTO_INCREMENT=767 DEFAULT CHARSET=utf8 COLLATE=utf8_bin;
/*!40101 SET character_set_client = @saved_cs_client */;

--
-- Dumping data for table `client_stations`
--

LOCK TABLES `client_stations` WRITE;
/*!40000 ALTER TABLE `client_stations` DISABLE KEYS */;
INSERT INTO `client_stations` VALUES (1,5560,'20 CUBE LOGISTICS ','5324 GEORGIA HIGHWAY 85','','FOREST PARK','GA','30297','678 884 8300',NULL,'678 884 8300'),(2,5561,'A PLUS INT\'L USA, INC. ','1 INDUSTRIAL PLAZA (#B)','','VALLEY STREAM','NY','11581','516-887-3664 FAX# 3670',NULL,'ATTN: ACCT. PAYABLE'),(3,5562,'A+F ','333 FIRST STREET','','ELIZABETH','NJ','07206','973-648-0740 FAX 0646',NULL,'DENISE CLARK ACCTS PAYABLE'),(4,5563,'A.I.F. COMPANY (NYC)','144-26 156th STREET','','JAMAICA','NY','11434','718-341-2366 FAX# 2388',NULL,'A/P DEPT.'),(5,5564,'A.N. DERINGER INC (NY)','11 EAST HAWTHORNE AVE (3rd FL)','','VALLEY STREAM','NY','11580','516-256-4780 FAX# 4781',NULL,'ATTN: SEAN (OR) A/P DEPT'),(6,5565,'A.O.T. (ORD)','165 HANSEN COURT (SUITE# 110)','','WOOD DALE','IL','60191','630-521-9860 fax# 9896',NULL,'ATTN: PAULA'),(7,5566,'ACTIVEAIR (NY)','147-40 184th STREET','','JAMAICA','NY','11434','ATTN: RICK SURMANEK',NULL,'ATTN: RICK SURMANEK'),(8,5567,'AEROSPHERES ','220 LITTLE FALLS ROAD','','CEDAR GROVE','NJ','07009','973 857 6240  JOHN',NULL,'973 857 6240  JOHN'),(9,5568,'AIR POWER INT\'L EXPRESS (CHI)','2345 ESTES AVENUE','','ELK GROVE VILLAGE','IL','60007','630-238-9888 FAX# 8835',NULL,'ATTN: JIMMY (OR) A/P DEPT'),(10,5569,'AIR SEA','9009 LA CIENEGA BLVD.','','INGLEWOOD','CA','90301','310 216 1616',NULL,'310 216 1616'),(11,5569,'AIR SEA (BOS)','140 EASTERN AVENUE','','CHELSEA','MA','02150','617-884-8982 FAX# 6119',NULL,'ATTN: ACCT. PAYABLE'),(12,5569,'AIR SEA (JFK)','182-20 150th ROAD (#3)','','JAMAICA','NY','11434','718-723-1100 F# 632-7950',NULL,'ATTN: ACCT. PAYABLE'),(13,5569,'AIR SEA (SEA)','1200 SOUTH 192nd STREET (#201)','','SEATTLE','WA','98148','206-243-9802 FAX# 9736',NULL,'ATTN: ACCT. PAYABLE DEPT.'),(14,5570,'AIR TIGER EXPRESS/ATE GROUP ','149-09 183RD ST. (2ND FLOOR)','','SPRINGFIELD GARDENS','NY','11413','718-917-6700 FAX# 6448',NULL,'ATTN: A/P'),(15,5571,'ALBA TRANS INC. ','149-10 183 street','','JAMAICA','NY','11413','718-989-6440',NULL,'A/P DEPT'),(16,5572,'ALBA WHEELS UP INT\'L ','150-30 132ND AVE STE 208','','JAMAICA','NY','11434','718-276-3000 FAX 718-712-1222',NULL,'ACCT. PAYABLE'),(17,5573,'ALG WORLDWIDE LOG. (ORD)','745 DILLON DRIVE','','WOOD DALE','IL','60191','630-350-7005 FAX# 766-3430',NULL,'TINA BUSCH'),(18,5574,'ALISON TRANSPORT ','120 NASSAU AVE.','','INWOOD','NY','11096','516-536-6500 FAX 516-536-1323',NULL,'ATTN: BARBARA ANN A/P DEPT.'),(19,5575,'AMBER WORLDWIDE ','147-60 175th STREET','','JAMAICA','NY','11434','PETRA',NULL,'PETRA'),(20,5576,'AMERICAN CARGO EXPRESS ','2345 VAUXHALL ROAD','','UNION','NJ','07083','ACCOUNTS PAYABLE',NULL,'ACCOUNTS PAYABLE'),(21,5577,'AMERICAN INT\'L TRANS, INC ','PO BOX 2224','','EL SEGUNDO','CA','90245','310-725-2800 FAX 2877',NULL,'ATTN: ACCT. PAYABLE'),(22,5578,'AMERICAN RIVER LOGISTICS ','10 WOODBRIDGE CENTER DR. #420','','WOODBRIDGE','NJ','07095','800-524-2493 FAX 631-396-6830',NULL,'A/P DEPT.'),(23,5579,'AMI (ATL)','4694 Aviation Pkway Ste. E','','Atlanta','GA','30349','404 765 9090',NULL,'404 765 9090'),(24,5579,'AMI (JFK) C/O BBT','230-79 INT\'L AIRPORT CTR BLVD','','JAMAICA','NY','11413','718-785-9410 FAX# 9418',NULL,'ATTN: A/P DEPT'),(25,5580,'ANA LINK, LTD. ','ONE CROSS ISLAND PLAZA, #209','','ROSEDALE','NY','11422-1484','133-33 BROOKKVILLE BLVD',NULL,'347-426-0200 FAX# 0120'),(26,5581,'APEX LOGISTICS ','230-59 Rockaway Blv. Ste.260','','Springfield Gardens','NY','11413','516 821 3360',NULL,'516 821 3360'),(27,5583,'ARIES (ATL)','770 S CENTRAL AVE','','HAPEVILLE','GA','30354','404-768-4445 FAX# 4761',NULL,'404-768-4445 FAX# 4761'),(28,5584,'ARIES GLOBAL ','2734 Chancellor Dr. Suite 109','','Crestview Hills','KY','41017','Chris',NULL,'Chris'),(29,5584,'ARIES GLOBAL (JFK)','365 FRANKLIN AVE.','','FRANKLIN SQUARE','NY','11010','516 599 4805',NULL,'516 599 4805'),(30,5584,'ARIES GLOBAL (MIA)','1586 N.W. 82nd AVENUE','','MIAMI','FL','33126','305-717-1515 FAX 305-717-1516',NULL,'A/P DEPT'),(31,5584,'ARIES GLOBAL (ORD)','1500 MIDWAY COURT','','ELK GROVE VILLAGE','IL','60007','847-290-7500 FAX# 0676',NULL,'ATTN: ACCT. PAYABLE'),(32,5584,'ARIES GLOBAL (PHL)','519 KAISER DRIVE','','FOLCROFT','PA','19032','610-461-7500 FAX 610-461-7505',NULL,'ACCOUNTS PAYABLE DEPT'),(33,5585,'ARIES GLOBAL LOGISTICS (ATL)','747 VIRGINIA AVENUE','','HAPEVILLE','GA','30354','404-768-4445 FAX# 4761',NULL,'A/P DEPT.'),(34,5586,'ASI FORWARDING ','P.O. BOX 340','','ADELPHIA','NJ','07710','732-607-0600 FAX# 625-8393',NULL,'ATTN: RAY TOBIA'),(35,5587,'ASSOC.GLOBAL SYSTEMS (ELIZ)','663 DOWD AVE','','ELIZABETH','NJ','07201','908-289-1966 FAX 908-558-0792',NULL,'GLEN - A/P 516-627-8910 FX8851'),(36,5588,'B&B DISTRIBUTION ','79 SOUTH STREET','','PASSAIC','NJ','07055','973-473-8369 FAX# 5201',NULL,'ATTN: GEORGE PRINCIPE'),(37,5589,'B&W FOODS, LLC ','3030 REVIEW AVENUE','','LONG ISLAND CITY','NY','11101','718-389-3800 FAX#2650',NULL,'ATTN: GAIL HAY (OR) A/P DEPT'),(38,5590,'BARNEYS NEW YORK ','1201 VALLEY BROOK AVE','','LYNDHURST','NJ','07071','201-531-7733',NULL,'ATTN: IMPORT DEPT.'),(39,5591,'BARTHCO ','390 FRANKLIN AVENUE','','FRANKLIN SQUARE','NY','11010-1256',' A/P 215-365-8600 FX 7827',NULL,'516-616-2900 fax 2999'),(40,5591,'BARTHCO (EWR)','HEMISPHERE CENTRE RM 300','','NEWARK','NJ','07114','973-643-5605 FAX 973-643-4730',NULL,'RHONDA A\\P- 215-365-8600'),(41,5591,'BARTHCO (INTL)','223 EAST CITY HALL AVE. #208','','NORFOLK','VA','23510','757 314 4300',NULL,'757 314 4300'),(42,5591,'BARTHCO (LAX)','9323 BELLANCA AVENUE','','LOS ANGELES','CA','90045','310-568-9200 FAX# 9450',NULL,'ATTN: ALLISON GOODLEY'),(43,5591,'BARTHCO (PHL)','5101 SO BROAD STREET','','PHILADELPHIA','PA','19112','215238-8600 FAX267-570-2936',NULL,'ATTN:ACCOUNTS PAYABLE'),(44,5592,'BAYLINK SHIPPING ','145-18 156th STREET (#211)','','JAMAICA','NY','11434','718-285-8155 FAX# 8156',NULL,'ATTN: STEVEN LI OR A/P DEPT'),(45,5593,'BDP INTERNATIONAL/PHL ','510 WALNUT STREET (3rd FLOOR)','','PHILADELPHIA','PA','19106','215-629-8961 FAX# 7177',NULL,'ATTN: ANGELA PACE'),(46,5594,'BDP/REVLON ACCOUNT ','510 WALNUT ST  (3rd FLOOR)','','PHILADELPHIA','PA','19106','215-629-8961 FAX# 7177',NULL,'ATTN: ANGELA PACE'),(47,5595,'BEC GLOBAL ','130 STARLIGHT WALK','','HOLBROOK','NY','11741','',NULL,''),(48,5596,'BERKLAY AIR SERVICE ','14 BOND STREET (SUITE# 233)','','GREAT NECK','NY','11021','516-872-3335 FAX# 3331',NULL,'A/P DEPT.'),(49,5597,'BGI WORLDWIDE LOGISTICS ','2551 ORANGE AVE.','','SIGNAL HILL','CA','90755','HEATHER',NULL,'HEATHER'),(50,5597,'BGI WORLDWIDE LOGISTICS  (B)','147-15 183RD STREET','','JAMAICA','NY','11413','718 244 1244',NULL,'718 244 1244'),(51,5598,'BILGREY ','150-40 183rd STREET (3255)','','SPRINGFIELD GARDENS','NY','11413','718-244-1482 FAX# 1481',NULL,'ANDREW - ACCOUNTS PAYABLE DEPT'),(52,5599,'BLU LOGISTICS ','444 W. OCEAN BLVD (STE#1210)','','LONG BEACH','CA','90802','562-513-1900 FAX# 1632',NULL,'A/P DEPT'),(53,5600,'BLUE CARGO GROUP, LLC ','177-15 149th ROAD (STE# 200)','','JAMAICA','NY','11434','718-995-5599 FAX# 972-8475',NULL,'ATTN: A/P DEPT'),(54,5601,'BLUE SKY ','PO BOX 571085','','TARZANA','CA','91357','PH 818 609 8779',NULL,'FAX 818 342 1571'),(55,5602,'BLUE THUNDER ','P.O. BOX 0180','','BENSENVILLE','IL','60106-0180','800-262-1925 FAX 630-521-0590',NULL,'ACCOUNTS PAYABLE DEPT'),(56,5603,'BLUE WATER SHIPPING ','1185 MORRIS AVENUE','','UNION','NJ','07083','908-624-0070 FAX# 0079',NULL,'ATTN: MIKE FIGUEROA'),(57,5604,'BNS ','179-22 149th ROAD','','JAMAICA','NY','11434','718-632-0009 FAX 718-632-0010',NULL,'ATTN: HELEN LIM'),(58,5605,'BNX SHIPPING INC. ','146-92 GUY R. BREWER BLVD.','','JAMAICA','NY','11434','718-244-1374FAX 244-8927',NULL,'ATTN: ACCT. PAYABLE'),(59,5606,'BOVA FOOD DIST., INC ','4365 COUNTY LINE ROAD','','CHALFONT','PA','118914','215-997-1130 FAX 215-997-2512',NULL,'ATT:ACCOUNTS PAYABLE'),(60,5607,'BRENNAN INT\'L ','300 MIDDLESEX AVE','','CARTERET','NJ','07008','732-802-4000 FAX 4005',NULL,'ATTN:MELISSA SANSONE'),(61,5608,'BRUZZONE SHIPPING (BWI)','10 N. CALVERT ST (STE# 513)','','BALTIMORE','MD','21202','410-605-9580',NULL,'ATTN: A/P DEPT'),(62,5608,'BRUZZONE SHIPPING (INC)','224 BUFFALO AVENUE','','FREEPORT','NY','11520','516-239-7120 FAX# 7720',NULL,'ATTN: A/P DEPT'),(63,5609,'BTX AIR EXPRESS ','P.O. BOX 853','','SHELTON','CT','06484','888 636 4289',NULL,'888 636 4289'),(64,5610,'C. WITHINGTON CO., INC ','PO BOX 8455','','PELHAM','NY','10803','914-738-4877 FAX 2855',NULL,'ACCOUNTS PAYABLE DEPT'),(65,5611,'C.C.B. INT\'L INC. (CATANIA)','JFK INT\'L AIRPORT BLDG.# 250','','JAMAICA','NY','11430-0182','#300182',NULL,'516-383-4052 FAX# 706-1083'),(66,5612,'C.H. ROBINSON WORLDWIDE ','680 Knox St. Suite 210','','Torrance','CA','90502','310 515 7755',NULL,'310 515 7755'),(67,5612,'C.H. ROBINSON WORLDWIDE  (B)','PO BOX 5550','','CORALVILLE','IA','52241','319-545-5735 FAX 5711',NULL,'ATTN TRUCK LOAD BILLING'),(68,5613,'CADIE PRODUCTS ','151 EAST 11TH STREET','','PATERSON','NJ','07524','973-278-8300 FAX 0303',NULL,'JUDITH WARHAFTIG'),(69,5614,'CAF WORLDWIDE INC. ','154-09 146th AVENUE','','JAMAICA','NY','11434','718-978-5858 FAX# 527-1808',NULL,'ATTN: A/P DEPT'),(70,5615,'CALI AMERICA INC. (LAX)','161 W. VICTORIA ST. (SUITE220)','','LONG BEACH','CA','90805','310-762-2676 FAX# 2284',NULL,'ATTN: SHEENA'),(71,5616,'CALI AMERICA LOG. (EWR)','36 BUTLER STREET','','ELIZABETH','NJ','07206','908 352 2444',NULL,'908 352 2444'),(72,5616,'CALI AMERICA LOG. (LAX)','5 LAWRENCE STREET','','BLOOMFIELD','NJ','07003','973-748-8980 FAX# 680-9618',NULL,'ATTN: KURT BRECKA'),(73,5617,'CAMBRIA MACK ','565 DOWD AVE','','ELIZABETH','NJ','07201','908 354 2100',NULL,'ACCTS PAYABLE'),(74,5618,'CAMEO SERVICES ','147-06 176th STREET','','JAMAICA','NY','11434','718-995-2370 FAX# 2380',NULL,'ATTN: GEORGE A/P'),(75,5619,'CANADA WORLDWIDE SERVICES ','2896 SLOUGH ST.','','MISSISSAUGA','ON','','877 373 9222',NULL,'877 373 9222'),(76,5620,'CAP LOGISTICS ','PO BOX 5608','','DENVER','CO','80217','281 443 2655',NULL,'281 443 2655'),(77,5621,'CAPRI AROMATICS US, INC ','6 NEVIUS PLACE','','SOMERSET','NJ','08873','732-398-1576 FAX# 1721',NULL,'ATTN: RAJIV (OR) A/P DEPT.'),(78,5622,'CARE TRANSPORTATION SVCS. LTD. ','6305 NORTHAM DRIVE #8','','MISSISSAUGA ONTARIO','CA','LAV1N9','905-612-0888 FAX 905-612-0896',NULL,'ACCTS PAYABLE 800-800-268-5885'),(79,5623,'CARGO ALLIANCE INC. ','583 MONTEREY PASS ROAD','','MONTEREY PARK','CA','91754-2400','FAX#323-681-0100',NULL,'ATTN: CRYSTAL MAI'),(80,5624,'CARGO EXPRESS ','993 MCDONALD AVE','','BROOKLYN','NY','11230','MQ',NULL,'MQ'),(81,5625,'CARGO LOGISTICS GROUP INC. ','7380 COCA COLA DRIVE (#117)','','HANOVER','MD','21076','800-766-8922 FAX 410-712-4456',NULL,'ATTN: A/P DEPT.'),(82,5626,'CARGO MAXX SYSTEMS INC ','2301 W. TOUHY AVE','','ELK GROVE VILLAGE','IL','60007','847-981-4111 FAX 847-437-0986',NULL,'ACCOUNTS PAYABLE DEPT'),(83,5627,'CARGO MOVEMENT ','95-A INIP DRIVE','','INWOOD','NY','11096','718-656-0700 FAX# 0069',NULL,'ATTN: ANGELA OR VITA'),(84,5628,'CARGO PLUS INC ','184-45 147TH AVE','','SPRINGFIELD GARDENS','NY','11413','718-712-4900 FAX 718-712-3516',NULL,'ACCOUNTS PAYABLE DEPT'),(85,5629,'CARGO SERVICES OF NEW YORK ','88-11 77th STREET','','WOODHAVEN','NY','11421','718-995-0671 FAX 917-0630',NULL,'ATTN: MARTY'),(86,5630,'CARGO TOURS (C.T.I.)','167-10 SO CONDUIT AVE','','JAMAICA','NY','11434','718-723-2000 FAX 718-723-8440',NULL,'ACCOUNTS PAYABLE DEPT'),(87,5631,'CARO TRANS ','930 YORK ROAD','','HINSDALE','IL','60521','SUITE 150',NULL,'630-705-4800'),(88,5632,'CASETH LOGISTICS ','849 FAIRMOUNT AVE.','','ELIZABETH','NJ','07201','GEORGE',NULL,'GEORGE'),(89,5633,'CAVALIER INTL PU ','250 SHEFFIELD STREET','','MOUNTAINSIDE','NJ','07092','908-233-0600 FAX 908-789-2282',NULL,'ACCOUNTS PAYABLE'),(90,5634,'CENTURY TRANSPORTATION ','1510 MIDWAY COURT E-105','','ELK GROVE VILLAGE','IL','60007','847-593-8001 FAX 847-593-8081',NULL,'ACCOUNTS PAYABLE DEPT'),(91,5635,'CH ROBINSON ','26555 EVERGREEN ROAD','','SOUTHFIELD','MI','48076','248 948 9430',NULL,'248 948 9430'),(92,5635,'CH ROBINSON  (B)','900 Town and Country Dr.','','HOUSTON','TX','77032','',NULL,''),(93,5635,'CH ROBINSON (FREIGHT)','1337 Hundred Oaks Dr. Ste FF','','Charlotte','NC','28217','704 357 3200',NULL,'704 357 3200'),(94,5635,'CH ROBINSON (JFK BRANCH)','230-59 INT\'L AIRPORT CTR. BLVD','','JAMAICA','NY','11434','SUITE# 240, BLDG. C',NULL,'718-995-3853 FAX#553-6082'),(95,5636,'CHALLENGER ','P.O. BOX 2303','','GRAPEVINE','TX','76099','800-225-2836 FAX 817-424-8484',NULL,'ACCOUNTS PAYABLE DEPT'),(96,5637,'CHEMLOGIX GLOBAL ','1777 Sentry Pkway West Ste.300','','BLUE BELL','PA','19422','732 788 7011',NULL,'732 788 7011'),(97,5638,'CHICAGO EXPRESS INT\'L, INC. ','301 FRONTIER WAY','','BENSENVILLE','IL','60106-1196','630-860-0500 FAX# 5500',NULL,'ATTN: A/P DEPT.'),(98,5639,'CHINA INTEROCEAN/SINO ','NO HANGER RD BLG 75 RM 212','','JAMAICA','NY','11430','718-656-3098 FAX244-8795',NULL,'ATTN BILL WEI'),(99,5640,'CHINA SHIPPING N.A. INC ','11 PHILLIPS PARKWAY','','MONTVALE','NJ','07645','888-712-7811 FAX 201-505-9812',NULL,'ALISON JAMES 201-505-6926'),(100,5641,'CIRCLE INTERNATIONAL (JFK)','55 JOHNSON ROAD','','LAWRENCE','NY','11559','516-620-6000',NULL,'WINNIE - ACCOUNTS PAYABLE DEPT'),(101,5642,'CLARK WORLDWIDE (ATL STATION)','5245-B WESTGATE DRIVE','','ATLANTA','GA','30336','404-344-9443 FAX# 9473',NULL,'ATTN: RICK MeSMITH OR AP DEPT.'),(102,5643,'CLARK WORLDWIDE TRANSPORTATION ','30 EDISON DRIVE','','WAYNE','NJ','07470','973-628-8880 FAX# 8463',NULL,'ATTN: A/P DEPT.'),(103,5644,'CLEAR FREIGHT (JFK)','JFK INT\'L AIRPORT #75','','JAMAICA','NY','11430','NO.HANGER ROAD (STE# 210)',NULL,'ATTN: GUS 718-656-4510'),(104,5644,'CLEAR FREIGHT (ORD)','1400 N. MICHAEL DRIVE (STE-C)','','WOOD DALE','IL','60191','630-766-6652 FAX# 6535',NULL,'ATTN: BRADLEY BOROWSKI'),(105,5644,'CLEAR FREIGHT (SEA)','909 S. 336th STREET (#105)','','FEDERAL WAY','WA','98003','253.661.9900 FAX# 9901',NULL,'ATTN: GLEN SCHEIBE'),(106,5645,'CLINICALLY FIT INC. ','1940 DEER PARK AVE #126','','DEER PARK','NY','11729','631-881-0820 FAX 0818',NULL,'ATTN: SCOTT KUPFERMAN'),(107,5646,'CLN (CARGO LOG. NETWORK)','1825-C CROSS BEAM DRIVE','','CHARLOTTE','NC','28217','704-357-0474 FAX# 0437',NULL,'ATTN: A/P DEPT.'),(108,5647,'CMA-CGM ','NORFOLK, VA','','FAX# 877-620-1896','VA','','757-306-6580',NULL,'ATTN: NICK COLE'),(109,5648,'CNI - CERAMIC NOZZLES INC. ','23L  COMMERCE ROAD','','FAIRFIELD','NJ','07004','973 276 1535',NULL,'973 276 1535'),(110,5649,'COAST-TO-COAST LOGISTICS ','PO BOX 5352','','LAKE WYLIE','SC','29710','803-818-5531 FAX# 5533',NULL,'ATTN: A/P DEPT.'),(111,5650,'COLUMBIA SHIPPING ','138-01 SPRINGFIELD BLVD','','JAMAICA','NY','11413','718-276-3300',NULL,'ACCOUNTS PAYABLE DEPT'),(112,5651,'COMBINED LOGISTICS ','184-45 147th AVE.','','SPRINGFIELD GARDENS','NY','11413','718-712-5600 FAX 718-712-8690',NULL,'ACCOUNTS PAYABLE/MAUREEN'),(113,5652,'COMPASS FORWARDING CO. ','159-15 ROCKAWAY BLVD.','','JAMAICA','NY','11434','718-528-3589 FAX# 6751',NULL,'A/P DEPT.'),(114,5653,'COMPONENT HARDWARE ','1890 SWARTHMORE AVE','','LAKEWOOD','NJ','08701-4530','732-363-4700',NULL,'ACCTS PAYABLE'),(115,5654,'CONCORD EXPRESS W.W. ','175-01 ROCKAWAY BLVD (#302)','','JAMAICA','NY','11434','718-656-7821 FAX# 7837',NULL,'ATTN: A/P DEPT'),(116,5655,'CONCORDIA (ELIZABETH, NJ)','604 PROGRESS STREET','','ELIZABETH','NJ','07201','908-289-6300 FAX 908-289-3968',NULL,'ACCOUNTS PAYABLE DEPT'),(117,5656,'CONFIRMED FREIGHT ','1525 KINGS HWY EAST','','FAIRFIELD','CT','06430','203-366-0022 FAX 203-366-0044',NULL,'ACCOUNTS PAYABLE'),(118,5657,'CONI-SEAL C/O FREIGHT PAYMENTS ','P.O. BOX 1328','','PT. PLEASANT','NJ','08742','ATTN: ACCT. PAYABLE',NULL,'ATTN: ACCT. PAYABLE'),(119,5658,'CONSOLIDATED TRANS SERVICE INC ','265 EAST MERRICK RD. #101','','VALLEY STREAM','NY','11580','516-872-6317 FAX# 6319',NULL,'ATTN: A/P DEPT. (OR) SHERRY'),(120,5659,'CONSOLIDATORS (GA)','795 ATLANTA SOUTH PKWY #700','','COLLEGE PARK','GA','30349','ATTN: A/P DEPT',NULL,'ATTN: A/P DEPT'),(121,5659,'CONSOLIDATORS (NY)','182-20 150th Rd','','JAMAICA','NY','11434','718-656-7447 FAX# 0246',NULL,'ATTN: A/P DEPT.'),(122,5660,'COPPERSMITH GLOBAL LOG. ','ONE CROSS ISLAND PLAZA #227A','','ROSEDALE','NY','11422','718-723-5000 FAX# 5005',NULL,'ATTN: AKIRA MOSS'),(123,5661,'CORDARO SHIPPING ','80 RIVER STREET','','HOBOKEN','NJ','07030','201-459-1194 FAX 459-1698',NULL,'ACCTS PAYABLE'),(124,5662,'CORETEC MINING WORK, INC ','641-188 Shunpike Road','','Chatham,','NJ','07928','626-616-2312 Fax# 239-3307',NULL,'Attn: Steve'),(125,5663,'CORNELL GROUP INT\'L ','545 DOWD AVE','','ELIZABETH','NJ','07201','908-965-3191 FAX 908-965-3196',NULL,'ACCOUNTS PAYABLE'),(126,5664,'CORPORATE MESSENGERS WORLWIDE ','184-60 JAMAICA AVENUE','','HOLLIS','NY','11423','718-454-1800 FAX# 1809',NULL,'ATTN: HASAN DARWISH'),(127,5665,'CORRIGAN\'S / CONSOLIDATORS ','8900 BELLANCA AVENUE','','LOS ANGELES','CA','90045','310-665-2985 FAX# 2989',NULL,'ATTN: STEVE HARATANI'),(128,5666,'COSMO FREIGHT SOLUTIONS, INC. ','145-47 155th STREET (2nd FLR)','','JAMAICA','NY','11434','718-525-3960 FAX# 3964',NULL,'ATTN: A/P DEPT.'),(129,5667,'COUGAR EXPRESS ','22 LAWRENCE LANE','','LAWRENCE','NY','11559','516-239-0244 FAX# 0458',NULL,'ATTN: JOHN OR TONY'),(130,5668,'CRANE WORLDWIDE ','5343 W IMPERIAL HWY','','LOS ANGELES','CA','90045','310-765-2300 FAX# 2250',NULL,'ATTN: A/P DEPT.'),(131,5669,'CROWN ROLL LEAF ','91 ILLINOIS AVE','','PATERSON','NJ','07503','973-742-4000 FAX 973-',NULL,'ACCOUNTS PAYABLE DEPT'),(132,5670,'CTS SUPPLY CHAIN SOLUTIONS ','182-09 149TH ROAD','','JAMAICA','NY','11434','718 215 3880',NULL,'718 215 3880'),(133,5671,'CWDS, INC ','515 DOWD AVENUE','','ELIZABETH','NJ','07201','908-351-7171 FAX 908-351-2622',NULL,'MARYANN - ACCTS PAYABLE DEPT'),(134,5672,'D B SCHENKER (BAX-EWR)','896 FRELINGHUYSEN AVE','','NEWARK','NJ','07114','973-954-2000 FAX 2050',NULL,'ATTN: A/P DEPT.'),(135,5673,'D&D MESSENGER SERVICE ','740 COLFAX AVE','','KENILWORTH','NJ','07033','908-245-9800 FAX 908-245-9801',NULL,'DANNY'),(136,5674,'D&W MILLENNIUM FREIGHT SYSTEMS ','156-15 146th AVENUE (SUITE 20)','','JAMAICA','NY','11434','718-525-6338  FAX: 6623',NULL,'ACCT. PAYABLE'),(137,5675,'D.T.  GRUELLE COMPANY ','301 MOON CLINTON ROAD','','CORAOPOLIS','PA','15108','412 262 2755',NULL,'412 262 2755'),(138,5676,'DACHSER TRANSPORT ','20 WEST LINCOLN AVE/ SUITE 206','','VALLEY STREAM','NY','11580','516-561-7800 FAX 516-561-7834',NULL,'JOANNE - ACCTS PAYABLE DEPT'),(139,5677,'DAMASCUS BAKERY ','60 McClellan Street','','Newark','NJ','07114','A/P Dept.',NULL,'A/P Dept.'),(140,5678,'DAMCO ','5011 FIRESTONE PLACE','','SOUTH GATE','CA','90280','424 221 7010',NULL,'424 221 7010'),(141,5679,'DAMCO USA INC ','230-79 INTL AIRPORT CENTER','','JAMAICA','NY','11413','718-425-1046 FAX# 1014',NULL,'ATTN: PETER OR A/P DEPT.'),(142,5680,'DANTEC DYNAMICS INC. ','200 WILLIAMS DRIVE','','RAMSEY','NJ','07446','201-236-2466 FAX# 2469',NULL,'ATTN: A/P'),(143,5681,'DANZAS (EWR STATION)','1 SLATER DRIVE','','ELIZABETH','NJ','07206','908-289-6006 FAX 908-289-6003',NULL,' 425-430-4144 FAX:917-2621'),(144,5682,'DARTRANS ','6610 TRIBUTARY ST.  STE.101','','BALTIMORE','MD','21224','410 633 4450',NULL,'410 633 4450'),(145,5683,'DATA DISPLAY SYSTEMS ','14001 TOWNSEND ROAD','','PHILADELPHIA','PA','19154','215-698-2600 FAX# 677-2009',NULL,'ATTN: PAULINE BOESS'),(146,5684,'DATASCOPE CORP/MAHWAH ','1300  MacARTHUR BLVD','','MAHWAH','NJ','07430','ANN TRACE 973-709-7390',NULL,'ACCTS PAYABLE'),(147,5685,'DB SCHENKER (PHL)','105 DIPLOMAT DRIVE','','LESTER','PA','19113','AMBASSADOR BLDG#1',NULL,'OCEAN DEPT.'),(148,5686,'DBA ','P.O. BOX 6090','','SOMERSET','NJ','08875-6090','888-588-1011 FAX 732-764-6783',NULL,'MSP:651-686-4495 FAX 686-4571'),(149,5687,'DE STEFANO FOODS ','561 JERSEY AVE','','NEW BRUNSWICK','NJ','08901','732-296-6740 FAX 6749',NULL,'ACCTS PAYABLE'),(150,5688,'DE WELL CONTAINER SHIPPING ','ONE CROSS ISLAND PLAZA (#302)','','ROSEDALE','NY','11422','718-528-1888 FAX# 3888',NULL,'ATTN: ERIC'),(151,5689,'DÉCOR MOLDING','300 WIRELESS BLVD','','HAUPPAUGE','NY','11788','JENNIFER 631 231 5959',NULL,'JENNIFER 631 231 5959'),(152,5690,'DEDOLA  INTL. ','3822 KATELLA AVE.','','LOS ALAMITOS','CA','90720','562 594 8988',NULL,'562 594 8988'),(153,5691,'DELCO CUSTOMS & LOGISTICS, LLC ','2631 MERRICK RD. SUITE#404','','BELLMORE','NY','11710','516-679-8000 FAX#8087',NULL,'ATTN: ACCT. PAYABLE'),(154,5692,'DELMAR INTERNATIONAL ','147-55 175th STREET','','JAMAICA','NY','11434','718-656-1900',NULL,'ATTN: ACCT. PAYABLE'),(155,5693,'DERBY LOGISTICS ','396 GARDEN OAKS','','HOUSTON','TX','77018','832-775-6999 FAX#713-429-5135',NULL,'ATTN: A/P DEPT'),(156,5694,'DESIGN AND MOLDING SERVICES ','25 HOWARD STREET','','PISCATAWAY','NJ','08854','732-752-0300 FAX# 9672',NULL,'ATTN: LORI'),(157,5695,'DESIGN TRANSPORTATION ','2925 BRASWELL DRIVE','','FT. WORTH','TX','76117','877-631-7217  SONYA',NULL,'877-631-7217  SONYA'),(158,5696,'DETER LOG STREAMLINE S&A (DBA)','3225 SHALLOWFORD ROAD, STE#410','','MARIETTA','GA','30062','678-236-0301 FAX# 0308',NULL,'ATTN: RUSS GRESHAM'),(159,5697,'DHL / DANZAS (AIR & OCEAN/NYP)','33 WASHINGTON ST. (16th FLOOR)','','NEWARK','NJ','07102','973-848-4629 FAX# 908-248-0791',NULL,'ATTN: PENNY A/P DEPT.'),(160,5697,'DHL / DANZAS (OCEAN-JFK)','BLDG#89 JFK AIRPORT','','JAMAICA','NY','11430','718-244-4800 FAX 656-0640',NULL,'MORDY DOW/BROKERAGE DPT'),(161,5697,'DHL / DANZAS (PHL)','300 HENDERSON DRIVE','','SHARON HILL','PA','19079','BAY / SUITE# 314-315',NULL,'610-237-0556 FAX# 8718'),(162,5697,'DHL / DANZAS (ROC)','44 JETVIEW DRIVE','','ROCHESTER','NY','14624','585-512-2245',NULL,'ATTN: ACCT. PAYABLE'),(163,5698,'DHL GLOBAL ','10601A  SEYMOUR AVENUE','','FRANKLIN PARK','IL','60131','ATTN: TONY',NULL,'ATTN: TONY'),(164,5698,'DHL GLOBAL (BOS)','500 RUTHERFORD AVE','','CHARLESTOWN','MA','02129','PH6178866661',NULL,'FAX 6172418970'),(165,5698,'DHL GLOBAL (LOGISTICS)','BLDG #89 JFK AIRPORT','','JAMAICA','NY','11430','MARIA 718-244-3060',NULL,'ATTN: MARIA / BILL'),(166,5698,'DHL GLOBAL (MD)','1901 PARK 100 DRIVE (#200)','','GLEN BURNIE','MD','21061','410-863-4610 FAX# 590-6920',NULL,'ATTN: ACCT. PAYABLE DEPT.'),(167,5698,'DHL GLOBAL (MN)','940 APOLLO ROAD','','EAGAN','MN','55121','651-675-2501 FAX# 2550',NULL,'ATTN: A/P DEPT.'),(168,5699,'DHL GLOBAL FWD ','4000 REDONDO BEACH AVE (#103)','','REDONDO','CA','90278','310-297-3434 FAX# 643-7595',NULL,'ATTN: A/P DEPT'),(169,5699,'DHL GLOBAL FWD  (B)','6703 NW 7TH ST.','','MIAMI','FL','33126','305 262 6300',NULL,'305 262 6300'),(170,5699,'DHL GLOBAL FWD (ELIZABETH, NJ','1 SLATER DRIVE','','ELIZABETH','NJ','07206','908-289-6006 FAX 282-1299',NULL,'ATTN ACCOUNTS PAYABLE'),(171,5700,'DIAMOND FORWARDING ','104 SO. CENTRAL AVENUE','','VALLEY STREAM','NY','11581','516-872-6500 FAX# 8327',NULL,'ATTN: ACCT. PAYABLE'),(172,5701,'DIMERCO EXPRESS ','430 WEST MERRICK ROAD (#1)','','VALLEY STREAM','NY','11580','516-708-4500 FAX# 872-8550',NULL,'ATTN: ACCT. PAYABLE'),(173,5702,'DIRECT + BEYOND, INC. ','PO BOX 90448','','LOS ANGELES','CA','90009','310 337 9688',NULL,'310 337 9688'),(174,5703,'DIRECT AIR SERVICE, INC ','320 ELIZABETH AVE','','NEWARK','NJ','07112','973-242-8223 FAX 973-242-8205',NULL,'ACCOUNTS PAYABLE'),(175,5704,'DMK GLOBAL MARKETING ','192 RT 22 WEST','','GREENBROOK','NJ','08812','732-424-1132',NULL,'DOMINICK SCAROLA'),(176,5705,'DMK INTL. ','PO BOX 352893','','PALM COAST','FL','32135','',NULL,''),(177,5706,'DNL TRANSPORTATION SERVICES ','731 DOWD AVENUE','','ELIZABETH','NJ','07201','908-659-0142 CELL 908-353-1772',NULL,'DOMINICK/MIKE ACCTS PAYABLE'),(178,5707,'DREW INT\'L FREIGHT FORWARDING ','6975-D PACIFIC CIRCLE','','MISSISSAUGA','ON','L5T 2H3','905-677-9244 FAX# 4872',NULL,'ATTN: ACCT. PAYABLE'),(179,5708,'DYNA EXPRESS INC ','147-34 176th STREET','','JAMAICA','NY','11434','718-995-5500 FAX# 5595',NULL,'ATTN: ACCT. PAYABLE'),(180,5709,'DYNAMIC SHIPPING ','4920 N.W. 79TH AVENUE','','MIAMI','FL','33166','305-593-5409 FAX 305-285-6952',NULL,'ACCOUNTS PAYABLE DEPT'),(181,5710,'DYNASTY EXPRESS ','160-19 ROCKAWAY BLVD','','JAMACIA','NY','11434','718-949-1390',NULL,'STELLA - ACCOUNTS PAYABLE DEPT'),(182,5711,'DYNASTY INT\'L FORWARDING, INC. ','1601 BRUMMEL AVENUE','','ELK GROVE VILLAGE','IL','60007','847-427-1360 FAX# 1358',NULL,'ATTN: ACCT. PAYABLE'),(183,5712,'E FREIGHT SOLUTIONS ','610 SUPREME DRIVE','','BENSENVILLE','IL','60106','630-350-9700 FAX# 8901',NULL,'ATTN: ACCT. PAYABLE'),(184,5713,'EASTSIDE EXPRESS ','2025 E. LINDEN AVE','','LINDEN','NJ','07036','908 486 3300',NULL,'ATTN: JOHN DUDA'),(185,5714,'ECI CUSTOM BROKERS ','1025 WEST SAINT GEORGE AVENUE','','LINDEN','NJ','07036','908-275-0859 FAX 925 8933',NULL,'908 275 0895'),(186,5715,'ECI CUSTOMS ','2401 NW 69TH STREET','','MIAMI','FL','33147','305 894 3691',NULL,'305 894 3691'),(187,5716,'ECONOCARIBE CONSOLIDATORS, INC ','1025 WEST ST GEORGE AVE','','LINDEN','NJ','07036','908-925-8858 FAX# 8838',NULL,'ATTN: ELIZABETH'),(188,5717,'EIMSKIP LOGISTICS ','1424 Baker Rd','','VIRIGINIA BEACH','VA','23455','516-239-3800 FAX# 2854',NULL,'ATTN: DAVE BALLI'),(189,5718,'EL CHAER LTD ','112 TENTH STREET','','GARDEN CITY','NY','11530','631-488-7804',NULL,'ATTN: ANGELO CARMINE'),(190,5719,'ELCO FREIGHT INTERNATIONAL ','16234 42ND AVE SOUTH','','SEATTLE','WA','','602-242-6811 FAX 206-242-7624',NULL,'ACCOUNTS PAYABLE DEPT'),(191,5720,'EMBASSY CARGO, INC. ','100 NORTH CENTRE AVE. STE.201','','ROCKVILLE CENTRE','NY','11570','516 255 1881',NULL,'516 255 1881'),(192,5721,'EMO TRANS (EWR)','1319 NORTH BROAD STREET','','HILLSIDE','NJ','07205','908-282-1090 FAX# 1156',NULL,'ATTN: ACCT. PAYABLE'),(193,5721,'EMO TRANS (JFK)','210 E.Sunrise Highway Ste.202','','Valley Stream','NY','11581','516 599 0142',NULL,'516 599 0142'),(194,5721,'EMO TRANS (ORD)','P.O. BOX 6104','','HUNTSVILLE','IL','35824','256-464-0011 FAX#0013',NULL,'ATTN: MARIE / ACCT. PAYABLE'),(195,5722,'EMO TRANS CA INC. ','1838 EL CAMINO REAL SUITE 215','','BURLINGAME','CA','94010','FAX 650-697-2790',NULL,'650 697 0646'),(196,5723,'ENCORE FORWARDING INC ','13453 N.MAIN ST. SUITE 405','','JACKSONVILLE','FL','32218','',NULL,''),(197,5724,'ENCORE FORWARDING INC. ','1 CROSS ISLAND PLAZA','','ROSEDALE','NY','11422','718-527-2600 FAX# 0812',NULL,'ATTN: ACCT. PAYABLE'),(198,5725,'ENDEAVOR CARGO &LOGISTICS ','PO BOX 1224','','GRAPEVINE','TX','76099','866-272-0794 FAX 817-442-9608',NULL,'ACCOUNTS PAYABLE DEPT'),(199,5726,'ENI SHIPPING INC. ','500 CARSON PLAZA DR.   (#110)','','CARSON','CA','90746','310-516-7710  FAX# 7711',NULL,'ATTN: SUN KIM'),(200,5727,'ENVIROCARE SEE K-LINE ','199 SHADYBROOK LANE','','WEST ISLIP','NY','11795','631-218-3621',NULL,'ACCOUNTS PAYABLE'),(201,5728,'EPIS PRODUCTIONS, INC ','120 FRANCIS STREET','','KEYPORT','NJ','07735','732-888-5550',NULL,'ACCT. PAYABLE'),(202,5729,'EQUIPMENT SPARE PARTS ','93  1ST STREET','','HACKENSACK','NJ','07601','201-343-4200',NULL,'ACCOUNTS PAYABLE DEPT'),(203,5730,'ESTABLISHMENT ','30 GANESVOORT STREET','','NEW YORK','NY','10014','212.242.6565 FAX# 0155',NULL,'ATTN: TEDDY VANDUSEN'),(204,5731,'ETS ','PO Box 871027','','Stone Mountain','GA','30087','770-817-3041',NULL,'ATTN: A/P DEPT'),(205,5732,'EVANS WOOD CAULFIED INC ','100 NORTH CENTRE AVE (#201)','','ROCKVILLE CENTRE','NY','11570','516-536-5577 FAX 516-536-4990',NULL,'ACCOUNTS PAYABLE'),(206,5733,'EVERETT FREIGHT SYSTEMS ','144-29 156th STREET','','JAMAICA','NY','11434','ATTN: ACCT. PAYABLE',NULL,'ATTN: ACCT. PAYABLE'),(207,5734,'EVERGREEN AMERICA CORP. ','ONE EVERTRUST PLAZA FLR 10','','JERSEY CITY','NJ','07302','201-761-3166 FAX 3006',NULL,'EQUIPMENT CONTROL: ALICE'),(208,5735,'EVOLUTION TRANSPORT ','130 MARION AVENUE','','LINDEN','NJ','07036','908-862-4995 FAX# 3886',NULL,'SCOTT'),(209,5736,'EXCLUSIVE AIR TRANSPORT ','P.O. BOX 5584','','BRAMPTON','ON','L6T 5G3','905-793-5626 FAX# 1954',NULL,'ATTN: ACCT. PAYABLE'),(210,5737,'EXEL SEAFREIGHT ','BLDG#89 JFK INT\'L AIRPORT','','JAMAICA','NY','11430','718-244-4816 FAX# 995-9875',NULL,'ATTN: KATE BROCKINGTON'),(211,5738,'EXEL TRANSPORTATION ','PO BOX 296','','WHITE HOUSE','TN','37188','6156725062/F5064',NULL,'HARRIET'),(212,5739,'EXPEDITORS INT\'L ','245 ROGER AVE','','INWOOD','NY','11696','516-371-3330 FAX 2979',NULL,'ACCOUNTS PAYABLE'),(213,5739,'EXPEDITORS INT\'L (HILLSIDE)','635 RAMSEY AVE','','HILLSIDE','NJ','07205','908-686-1141 FAX 908-686-6693',NULL,'ACCOUNTS PAYABLE DEPT'),(214,5740,'EXPLORE  AIRTRANS   GATE 5 ','123 PENNSYLVANIA AVE','','SO KEARNY','NJ','07073','973-589-6602 FAX 6627',NULL,'ACCTS PAYABLE  @ GATE 5'),(215,5741,'EXPO TRANS LTD ','77 FRANKEL ROAD','','MASSAPEQUA','NY','11758','516-795-1456 FAX# 799-0361',NULL,'ATTN: ACCT. PAYABLE'),(216,5742,'EXPORT IMPORT SCVS ','1 BETHANY ROAD','','HAZLET','NJ','07730','732-636-8700',NULL,'ATTN: JOANN (OR) A/P DEPT'),(217,5743,'EXPORT IMPORT SERVICES ','900 ROUTE 9 NORTH','','WOODBRIDGE','NJ','07095','EXPORT AIR DIVISON',NULL,'ACCT PAYABLE 732-636-8700'),(218,5744,'EXPRESS AIR FREIGHT UNLIMITED ','6414 WINDY ST.','','LAS VEGAS','NV','89119','702-307-3773 F# 3778/ PAYABLES',NULL,'JFK#800-878-0303/ 888-878-0303'),(219,5745,'EXPRESS CONSOLIDATION SYSTEMS ','75 ORIENT WAY (SUITE# 204)','','RUTHERFORD','NJ','07070-2011','201-842-9009 FAX# 9010',NULL,'ATTN: ACCT. PAYABLE'),(220,5746,'EXPRESS FREIGHT INT\'L ','375 OVSTER POINT BLVD STE 4','','SO. SAN FRANSICO','CA','94080','650-697-5700',NULL,'THO D. LE/ACCTS PAYABLE'),(221,5747,'EXPRESS FREIGHT SYSTEMS, INC. ','1300 MICHAEL DRIVE, STE. G','','WOODDALE','IL','60191','630 350 1382  FAX 1392',NULL,'630 350 1382  FAX 1392'),(222,5748,'EXPRESS LINE INC. (USA)','167-16 146th AVENUE','','JAMAICA','NY','11434','718-917-8683 FAX# 2078',NULL,'ACCT. PAYABLE'),(223,5749,'EXPRESS TRANSPORT BY AIR (ETA)','870 SPRINGFIELD RD. SOUTH','','UNION','NJ','07083','908-688-7888 FAX 908-688-8834',NULL,'A/P (EXT. 327)'),(224,5750,'F&E TRADING LLC ','245 BELMONT DRIVE','','SOMERSET','NJ','08873','732-357-2413 FAX# 663-7113',NULL,'ATTN: RENA'),(225,5751,'F.O.B. INTERNATIONAL INC. ','220 LAWRENCE AVE','','LAWRENCE','NY','11559','516-239-3300 FAX# 0762',NULL,'ATTN: PETER A. KALMAN'),(226,5752,'FALCON GLOBAL EDGE ','88 BLACK FALCON AVE (STE#250)','','BOSTON','MA','02210','800-356-1737',NULL,'ATTN: ACCT. PAYABLE DEPT'),(227,5753,'FASHION FORWARD WORLDWIDE ','366 PEARSALL AVENUE SUITE 7+8','','CEDARHURST','NY','11516','516 371 8888',NULL,'516 371 8888'),(228,5754,'FAST FORWARDING INC ','2575 ALLAN DRIVE','','ELK GROVE VILLAGE','IL','60007','630-741-0200 FAX#0205',NULL,'ACCT. PAYABLE'),(229,5755,'FASTRANS LOGISTICS ','7069 NORTH HANLEY ROAD','','HAZELWOOD','MO','63042','800-844-8044 FAX 314-426-3434',NULL,'A/P DEPT.'),(230,5756,'FEDEX TRADE NETWORKS T&B ','19601 HAMILTON AVE','','TORRANCE','CA','90502','310-353-3513 FAX# 3227',NULL,'ATTN: A/P DEPT'),(231,5757,'FFE LOGISTICS ','1145 EMPIRE CENTRAL PLACE','','DALLAS','TX','75247','FAX 214 296 0734',NULL,'CHAD 214 242 5205'),(232,5758,'FINAL MILE LOG-A MERCURY AC CO ','165 CW Grant Parkway','','ATLANTA','GA','30354','404-608-9021 FAX# 9429',NULL,'ATTN: Scott Luchenbill'),(233,5759,'FIRST FREIGHT CORP. ','150-36 182nd STREET','','JAMAICA','NY','11413','718-995-4990 FAX# 3727',NULL,'ATTN: ACCT. PAYABLE'),(234,5760,'FLAIR HOME FURNISHINGS, INC. ','P.O. BOX 84258','','PHOENIX','AZ','85071','623 847 5360',NULL,'623 847 5360'),(235,5761,'FLG (KRISTEN-A.P.)','PO BOX 620668','','ORLANDO','FL','32862-0668','800-327-8072 FAX 407-581-1295',NULL,'KRISTEN/OPS/DEN 303-574-0099/'),(236,5762,'FNS INC. ','147-14 182nd STREET','','JAMAICA','NY','11413','718-632-6010 FAX# 6018',NULL,'ACCOUNTS PAYABLE'),(237,5763,'FOOTPRINTS LOGISTICS ','600 BAYVIEW DRIVE','','INWOOD','NY','11096','516-612-0420 FAX#612-0439',NULL,'ATTN: VITA P'),(238,5764,'FORCE ONE TRUCKING ','P.O. BOX 300318 (JFK STATION)','','JAMAICA','NY','11430','718-553-8699 FAX# 8697',NULL,'ATTN: A/P DEPT.'),(239,5765,'FORMOSA INT\'L FREIGHT ','20 WEST LINCOLN AVENEUE','','VALLEY STREAM','NY','11580','516-593-4231 FAX# 4386',NULL,'ATTN: ACCT. PAYABLE'),(240,5766,'FORWARD AIR ','2865 GEORGE PAGE JR ROAD','','COLUMBUS','OH','43217','',NULL,''),(241,5766,'FORWARD AIR (BROOKPARK)','6537 EASTLAND ROAD','','BROOKPARK','OH','44142','440-826-1190 FAX 440-826-9935',NULL,'RAY'),(242,5766,'FORWARD AIR (DENVER)','12050 EAST 45  AVENUE','','DENVER','CO','80239','303-373-0204 FAX 2321',NULL,'MIRANDA/ACCTS PAYABLE'),(243,5766,'FORWARD AIR (EWR)','888 DOREMUS AVE','','NEWARK','NJ','07114','973-690-5767 FAX 5443',NULL,'ATTN ACCOUNTS PAYABLE'),(244,5766,'FORWARD AIR (GSO)','532A NORTH REGIONAL ROAD','','GREENSBORO','NC','27409','336-668-7713',NULL,'ATTN: ACCT. PAYABLE'),(245,5766,'FORWARD AIR (IAH)','3340 GREENS RD. BLD. A','','HOUSTON','TX','77032','281 590 9500',NULL,'281 590 9500'),(246,5766,'FORWARD AIR (INC)','406 SONWIL DRIVE','','CHEEKTOWAGA','NY','14225','716-685-5456 FAX# 5459',NULL,'ATTN: ACCT. PAYABLE'),(247,5766,'FORWARD AIR (INDIANA STA.)','4711 WEST MORRIS STREET','','INDIANAPOILIS','IN','46241','317-243-2366 FAX 317-227-3545',NULL,'BRADY-ACCOUNTS PAYABLE'),(248,5766,'FORWARD AIR (JFK)','184-54 149TH AVE','','SPRINGFIELD GARDENS','NY','11413','718-553-7164 FAX 5200',NULL,'ATTN: ACCT. PAYABLE'),(249,5766,'FORWARD AIR (OHIO DIVISION)','6800 PORT ROAD','','GROVEPORT','OH','43125','800-763-8892 FAX 614-497-4655',NULL,'PATTY'),(250,5766,'FORWARD AIR (PIT)','121SPRING RUN RD EXT. STE 310','','CORAOPOLIS','PA','15108','724-457-9801 FAX 9805',NULL,'ACCOUNTS PAYABLE'),(251,5767,'FORWARDERS INT\'L, INC. ','95A INIP DRIVE','','INWOOD','NY','11096','516-284-6791 FAX# 887-4087',NULL,'ATTN: A/P DEPT'),(252,5768,'FOX MOULDING ','245 4TH STREET','','PASSAIC','NJ','07055','',NULL,''),(253,5769,'FRACHT FORWARDING ','147-39 175TH ST.  SUITE 211','','JAMAICA','NY','11434','718-553-7914 FAX 995-8242',NULL,'ATTN:ACCOUNTS PAYABLE'),(254,5771,'FREIGHT SVC GROUP/DULLES ','PO BOX 20148','','WASHINGTON','DC','20041-2148','800-962-6255 FAX 703-318-8143',NULL,'ACCOUNTS PAYABLE'),(255,5772,'FRESH AIR FREIGHT ','747 WAREHOUSE STREET','','LOS ANGELES','CA','90021','213-225-1246 FAX-213-627-1304',NULL,'ACCOUNTS PAYABLE'),(256,5773,'FURMAN FOODS ','770 CANNERY ROAD','','NORTHUMBERLAND','PA','17857','570 473 3516',NULL,'570 473 3516'),(257,5774,'G&M LOGISTICS ','751 PORT AMERICA PLACE #500','','GRAPEVINE','TX','76051','817-488-7123 FAX 817-410-8029',NULL,'ACCOUNTS PAYABLE'),(258,5775,'G96 PRODUCTS ','85 5TH AVE BLDG 6','','PATERSON','NJ','07524','ACCOUNTS PAYABLE',NULL,'ACCOUNTS PAYABLE'),(259,5776,'GAFFNEY KROESE ','50 RANDOLPH ROAD','','SOMERSET','NJ','08873','MONICA   732 457 6641',NULL,'MONICA   732 457 6641'),(260,5777,'GARDEN STATE TRAFFIC ','P.O. BOX 747','','OLD BRIDGE','NJ','08857','ATTN: A/P DEPT',NULL,'ATTN: A/P DEPT'),(261,5778,'GATEWAY LEASING, INC. ','107 TRUMBALL STREET','','ELIZABETH','NJ','07206','908-355-33-1 FAX 908-355-3339',NULL,'ACCOUNTS PAYABLE'),(262,5779,'GAVA INTL. FREIGHT (SUITE#235)','230-79 INT\'L AIRPORT CTR. DR.','','JAMAICA','NY','11413-4104','718-632-0060 FAX# 0063',NULL,'A/P 847-690-9797  FAX# 9898'),(263,5780,'GCS LOGISTICS INC. ','65 W. MERRICK ROAD','','VALLEY STREAM','NY','11580','516-593-7750 FAX# 7749',NULL,'ATTN: A/P DEPT.'),(264,5781,'GEM CUSTOMS BROKERS, INC. ','265 EAST MERRICK ROAD STE. 209','','VALLEY STREAM','NY','11580','516 823 6300',NULL,'516 823 6300'),(265,5782,'GENZYME ','1125 Pleasant View Terrace','','Ridgefield','Nj','07657','Justino',NULL,'Justino'),(266,5783,'GEORGE NIKIFOROV ','200 PARK AVENUE SOUTH (#514)','','NEW YORK','NY','10003-1503','212-473-4555 FAX# 5925',NULL,'ATTN: ACCT. PAYABLE'),(267,5784,'GFI EXPRESS CORP. ','145-18 156th STREET (RM# 1)','','JAMAICA','NY','11434','718-525-1000',NULL,'ATTN: ANDY'),(268,5785,'GIF SEE INTEGRITY #995 ','GIF','','GIF','','','',NULL,''),(269,5786,'GILD INC. ','18-02 RIVER ROAD','','FAIRLAWN','NJ','07410','201-398-0030 FAX# 0018',NULL,'A/P DEPT.'),(270,5787,'GIVAUDAN FLAVORS CORP. ','30 HEMLOCK DRIVE','','CONGERS','NY','10920-1400','ATTN: JILL WASHBURN',NULL,'ATTN: JILL WASHBURN'),(271,5788,'GLOBAL CONTAINER LINE ','1338 W.228 ST. SUITE A','','TORRANCE','CA','90501','310 222 6200',NULL,'310 222 6200'),(272,5789,'GLOBAL ESSENCE ','1750 BRIELLE AVENUE','','OCEAN','NJ','07712','ATTN: ACCT. PAYABLE',NULL,'ATTN: ACCT. PAYABLE'),(273,5790,'GLOBAL LOGISTICAL CONNECTIONS ','14908 S. FIGUEROA STREET','','GARDENA','CA','90248','310-527-5800 FAX# 5808',NULL,'ATTN: A/P DEPT.'),(274,5791,'GLOBAL LOGISTICS SHIPPING ','1750 E.Ocean Blv. Ste.609','','Long Beach','CA','90802','',NULL,''),(275,5792,'GLOBAL SHIPPING ','21 FADEM RD. UNIT 14','','SPRINGFIELD','NJ','07081','',NULL,''),(276,5793,'GLOBAL TRADE & CUSTOMS ','1 WORLD TRADE CENTER (8TH FLR)','','LONG BEACH','CA','90831','562-983-8036 FAX#8037',NULL,'ATTN: CHRIS SAING'),(277,5794,'GLOBAL TRANSPORTATION ','18209 80th Ave. Suite A','','KENT','WA','98032','425 207 1511',NULL,'425 207 1511'),(278,5794,'GLOBAL TRANSPORTATION  (B)','980 LONE OAK ROAD STE 134','','EAGAN','MN','55121-1593','651 687 9797',NULL,'651 687 9797'),(279,5794,'GLOBAL TRANSPORTATION  (C)','4200 RESEARCH FOREST DR.','','THE WOODLANDS','TX','77381','',NULL,''),(280,5795,'GLOBAL TRANSPORTATION SYSTEMS ','1338 W.228th Street Ste.A','','TORRANCE','CA','90501','310 222 6200',NULL,'310 222 6200'),(281,5796,'GM EXPRESS ','6718 SELFRIDGE ST.','','FOREST HILLS','NY','11375','',NULL,''),(282,5797,'GNT LOGISTICS ','150-30 132nd STREET (#208)','','JAMAICA','NY','11434','718-341-6550 FAX# 6552',NULL,'ACCOUNTS PAYABLE DEPT'),(283,5798,'GNT LOGISTICS, INC. ','14-01 157th STREET','','WHITESTONE','NY','11357','718-767-6899 FAX# 9536',NULL,'ATTN: ACCT. PAYABLE'),(284,5799,'GP LOGISTICS (NY)','184-54 149th AVENUE','','SPRINGFIELD GARDENS','NY','11413','877-744-7475 FAX# 718-553-5394',NULL,'ATTN: BOBBY-TODD-LUKE'),(285,5799,'GP LOGISTICS (ORD)','2315 LANDMEIER ROAD','','ELK GROVE','IL','60007','SANDRA 866 227 1057',NULL,'SANDRA 866 227 1057'),(286,5800,'GRAF AIR FREIGHT ','550 WEST TAYLOR STREET','','CHICAGO','IL','60607','312-987-9870 FAX# 9789',NULL,'ATTN: ACCT. PAYABLE'),(287,5801,'GRANT INDUSTRIES ','98A MAIN AVE','','ELMWOOD PARK','NJ','07407','KATHY GIORDANO',NULL,'KATHY GIORDANO'),(288,5802,'GRAZIELLA ACCOCIATES ','400 LINCOLN BLVD','','MIDDLESEX','NJ','08846','732 563 4001',NULL,'732 563 4001'),(289,5803,'GREEN WORLDWIDE (ATL)','619 E College Ave, Suite F','','DECATUR','GA','30030','404-974-2910 FAX# 2915',NULL,'ATTN: ACCT. PAYABLE'),(290,5803,'GREEN WORLDWIDE (EWR)','51 CRAGWOOD RD. STE.303','','SOUTH PLAINFIELD','NJ','07080','908 912 0304',NULL,'908 912 0304'),(291,5804,'GTS USA (NJ)','580 DIVISION STREET','','ELIZABETH','NJ','07201','908-353-5200 FAX# 2002',NULL,'ATTN: ACCT. PAYABLE'),(292,5805,'H & FRIENDS FREIGHT, INC. ','145-43 226th STREET UNIT B-1','','SPRINGFIELD GARDENS','NY','11413','718-525-6588 FAX# 6684',NULL,'ATTN: ACCT. PAYABLE'),(293,5806,'HAIL AIR FREIGHT, INC ','CARGO BLDG.80 JFK INT\'L A/P','','JAMAICA','NY','11430','718-244-6334 FAX# 6548',NULL,'ATTN: ACCT. PAYABLE'),(294,5807,'HANKYU CARGO/NEW YORK BRANCH ','154-09 146TH AVENUE','','JAMAICA','NY','11413','718-244-7051 FAX# 8732',NULL,'ATTN: A/P DEPT'),(295,5808,'HANKYU INT\'L TRANSPORT (USA)','649  GOTHAM PARKWAY','','CARLSTADT','NJ','07072','201-939-7838 FAX 201-939-8488',NULL,'KAORU - ACCTS PAYABLE DEPT.'),(296,5809,'HANSHIN ','154-09 146TH STREET','','JAMAICA','NY','11434','718-978-5100',NULL,'AKIKO ACCTS PAY 516 365-3737'),(297,5810,'HAPPY INTERNATIONAL ','147-48 175th STREET','','JAMAICA','NY','11434','718-244-1632 FAX# 1635',NULL,'ACCOUNTS PAYABLE DEPT'),(298,5811,'HEBEN HEALTHCARE, INC ','11 ALMOND LANE','','EDISON','NJ','08820','908-756-1895 FAX# 769-9797',NULL,'ATTN: ACCT. PAYABLE'),(299,5812,'HECNY (CANADA)','3397 AMERICAN DRIVE UNIT 9-11','','MISSISAUGA, ONTARIO','','L4V1T8','905-677-6273 FAX 905-677-2942',NULL,'ACCT. PAYABLE'),(300,5812,'HECNY (JFK)','147-39 175th STREET','','JAMAICA','NY','11434','718-656-5537 FAX#532-8491',NULL,'ATTN: ACCT. PAYABLE'),(301,5813,'HELLER INDUSTRIES,INC ','4 VREELAND ROAD','','FLORHAM PARK','NJ','07932','201-377-6800',NULL,'ACCOUNTS PAYABLE DEPT'),(302,5814,'HELLMANN SERVICE CENTER S.A. ','SJO - 20901       718-276-6200','','MIAMI','FL','33102-5331','P.O. BOX 025331(732-661-2619)',NULL,'877-506-4626 EX.876 A/P DPT.'),(303,5815,'HEMISPHERE FORWARDING INC. ','7 CERRO STREET','','INWOOD','NY','11095','516-371-3131',NULL,'ATTN: ACCT. PAYABLE'),(304,5816,'HIPAGE COMPANY ','227 E. PLUME','','NORFOLK','VA','23510','757-446-1527 FAX 1516',NULL,'ACCTS PAYABLE/SANDY'),(305,5817,'HORIZON INTL. CARGO ','5426 W. ROSECRANS AVE.','','HAWTHORNE','CA','90250','310 297 9069',NULL,'310 297 9069'),(306,5818,'HPK LOGISTICS INC. (USA)','727 BREA CANYON ROAD (#14)','','WALNUT','CA','91789-3014','909-598-7580 FAX# 7570',NULL,'ATTN: ACCT. PAYABLE'),(307,5819,'HTD HEAT TRACE INC. ','8 BARTLES CORNER ROAD (#104)','','FLEMINGTON','NJ','08822','908-788-5210 EXT.24 / FAX 5204',NULL,'ATTN: ACCT. PAYABLE'),(308,5820,'I-LOGISTICS (USA) CORP.','145-56 155TH STREET','','JAMAICA','NY','11434','P# 718-712-5854 F#718-525-0392',NULL,'ACCT.PAYABLE / BILL FLANIGAN'),(309,5821,'I-PACK EXPRESS CORP ','145-43 226 Street','','SPRINGFIELD GARDENS','NY','11434','917-387-8671',NULL,' Joan@I-packexpress.com'),(310,5822,'I.C.A.T. LOGISTICS ','514 PROGRESS DRIVE (SUITE G)','','LINTHICUM','MD','21090','800-572-1324 FAX 410-789-9460',NULL,'ATTN: A/P'),(311,5823,'I.Q. GLOBAL LOGISTICS CORP. ','22580 GLENN DRIVE (#10)','','STERLING','VA','20165','703-433-0280 FAX# 935-0507',NULL,'ACCT. PAYABLE DEPT.'),(312,5824,'ICE-GLOBAL LOG. ','148-02 GUY R. BREWER BLVD','','JAMAICA','NY','11413','718-553-6628 FAX# 6634',NULL,'ATTN: A/P DEPT.'),(313,5825,'IES LOGISTICS CORP. ','167-55 148th AVE','','JAMAICA','NY','11434','718-244-1086 FAX# 553-6930',NULL,'ATTN: A/P DEPT'),(314,5826,'IJS (INTERJET SYSTEMS)','151-04 132ND AVENUE','','JAMAICA','NY','11434-3507','718-276-8500 FAX 718-276-4898',NULL,'CORY ROSEN / ACCT. PAYABLE'),(315,5827,'IJS GLOBAL ','2805 W. EL SEGUNDO BLV. STE. F','','HATHORNE','CA','90250','323 242 9600',NULL,'323 242 9600'),(316,5828,'IKAROS TRANSPORT INC. ','500 OCEAN AVENUE','','EAST ROCKAWAY','NY','11518','516-599-7400',NULL,'ACCT. PAYABLES'),(317,5829,'ILANS INC ','405 EAST BROADWAY','','LONG BEACH','NY','11561','516-225-1959',NULL,'ATTN: MOISHE'),(318,5830,'IMAL  IMAL  SEE WORLDWIDE ','WORLDWIDE','','MAYWOOD','NJ','','WORLDWIDE',NULL,''),(319,5831,'IMIG INC. ','303 SMITH STREET','','FAMINGDALE','NY','11735','631 491 6625',NULL,'631 491 6625'),(320,5832,'IMMEDIATE CUSTOMS SVC (ICS)','ONE CROSS ISLAND PLAZA (#117)','','ROSEDALE','NY','11422','718-977-1900 FAX# 1910',NULL,'ATTN: ACCT. PAYABLE'),(321,5833,'IMMEDIATE WORLDWIDE TRANSPORT ','104 S. CENTRAL AVENUE','','VALLEY STREAM','NY','11580','516-593-4993 FAX# 4640',NULL,'KATHI COLLINS'),(322,5834,'IMPERIAL FREIGHT BROKERS ','2400 n.w. 93rd ave.','','MIAMI','FL','33172','305-592-6910',NULL,'ATTN: ACCT. PAYABLE'),(323,5835,'IMPEX GLS, INC. ','155-04 145th AVENUE','','JAMAICA','NY','11434','718-525-5300 FAX 5700',NULL,'ATTN: SAMUEL YU'),(324,5836,'IMPORT EXPRESS CORP. ','4471 N.W. 36 ST.  SUITE 216-1','','MIAMI SPRINGS','FL','33166','305-888-8332 FAX#8225',NULL,'ATTN: ARTURO VALLEJO'),(325,5837,'IMPORT-EXPORT SVC OF NJ ','P.O.BOX 651','','LONG VALLEY','NJ','07853','EILEEN - ACCOUNTS PAYABLE DEPT',NULL,'EILEEN - ACCOUNTS PAYABLE DEPT'),(326,5838,'IMS ','1129 BROAD STREET','','SHREWSBURY','NJ','07702','732-935-8400 FAX 732-935-9555',NULL,'ACCOUNTS PAYABLE'),(327,5839,'IN-TIME SHIPPING CORP ','167-25 ROCKAWAY BLVD.','','JAMAICA','NY','11434','718-553-6766 FAX 718-553-6705',NULL,'DAVID BRANSFIELD'),(328,5840,'INDFRAG LIMITED ','ONE MAIN STREET (SUITE# 204)','','EATONTOWN','NJ','07724','732-380-9530 FAX# 9532',NULL,'ATTN: LARRYKOPP A/P DEPT.'),(329,5841,'INSTRUMENTS SA/SPEX - EDISON ','3880 PARK AVENUE','','EDISON','NJ','08820','732-549-7144 X167 GEORGE',NULL,'MARY ANN - ACCTS PAYABLE'),(330,5842,'INT\'L CARGO INC ','900 ROUTE 9 NORTH STE 214','','WOODBRIDGE','NJ','07095','732-636-9100 FAX 9120',NULL,'ACCOUNTS PAYABLE'),(331,5843,'INT\'L COMM. & TRANSPORT INC. ','147-35 FARMERS BOULEVARD','','JAMAICA','NY','11434','718-656-4860',NULL,'ACCOUNTS PAYABLE DEPT'),(332,5844,'INT\'L EXPRESS SHIPPING ','177-14 149TH ROAD','','JAMAICA','NY','11434','718-995-6070 FAX# 6071',NULL,'ATTN: SUNG SHIM'),(333,5845,'INTAPORT COMPANY INC ','46 BRUNSWICK WOODS DRIVE','','EAST BRUNSWICK','NJ','08816','732-967-0997 FAX732-967-0998',NULL,'ACCOUNTS PAYABLE'),(334,5846,'INTEGRATED FREIGHT ','851 HINCKLEY ROAD','','BURLINGAME','CA','94010','650 697 8865 DENISE',NULL,'650 697 8865 DENISE'),(335,5847,'INTEGRITY CARGO ','1105 GREEN GROVE ROAD','','NEPTUNE','NJ','07753','732 918 8004',NULL,'732 918 8004'),(336,5848,'INTER-AIRPORT EXPRESS CORP. ','P.O. BOX 337','','JAMAICA','NY','11430','516-374-0875 FAX# 295-6970',NULL,'ATTN: VICTOR 908-247-4795'),(337,5849,'INTERGLOBO ','230-59 ROCKAWAY BLV. STE. 275','','JAMAICA','NY','11413-4104','718 553 6580',NULL,'718 553 6580'),(338,5850,'INTERGLOBO MORRA N.A. ','350 FIFTH AVE (SUITE# 2926)','','NEW YORK','NY','10118','212-967-3307 FAX# 4047',NULL,'ATN: ACCT. PAYABLE'),(339,5851,'INTERGRATED LOGISTICS ','3135 S. 48TH STREET STE 104-16','','TEMPE','AZ','85282','480-894-0920 FAX 480-894-5146',NULL,'ACCOUNTS PAYABLE DEPT'),(340,5852,'INTERNATIONAL AIR CONSOL. ','P.O. BOX 81685','','CLEVELAND','OH','44181-9998','ACCOUNTS PAYABLE DEPT',NULL,'ACCOUNTS PAYABLE DEPT'),(341,5853,'INTERNATIONAL CO-LOAD, INC. ','182-08 149th ST.','','JAMAICA','NY','11413','718-917-0630 fax# 0633',NULL,'ATTN: ACCT. PAYABLE'),(342,5854,'INTERNATIONAL CUSTOM BROKER ','161-15 ROCKAWAY BLVD.','','JAMAICA','NY','11434','718-528-2800',NULL,'718-528-2800'),(343,5855,'INTERPROME MARKETING ','3005 E.Boundary Terrace Ste J','','MIDLOTHIAN','VA','23112','ASHLEY',NULL,'ASHLEY'),(344,5856,'INTERTRANS ','RT 978 S./PITTSBURGH INTL PARK','','OAKDALE','PA','15071','MARIE - ACCOUNTS PAYABLE DEPT',NULL,'MARIE - ACCOUNTS PAYABLE DEPT'),(345,5856,'INTERTRANS (JFK)','145 HOOK CREEK BLVD.','','VALLEY STREAM','NY','11581','718-481-4400',NULL,'ACCOUNTS PAYABLE DEPT'),(346,5857,'INTL TRANSPORTATION CORP (ITC)','169 DARTMOUTH DRIVE','','HICKSVILLE','NY','11801','516-935-1871',NULL,'A/P DEPT.'),(347,5858,'J. INGRAM ASSOCIATES ','440 ROUTE 513','','CALIFON','NJ','07830','908-832-6400 FAX 908-832-7361',NULL,'WENDI BARRY'),(348,5859,'J.F. MORAN CO INC ','181 SO. FRANKLIN AVE (STE 503)','','VALLEY STREAM','NY','11581','516-204-7090 FAX# 295-2413',NULL,'ATTN: LISA'),(349,5860,'J.H. BACHMANN / ORD ','2250 EAST DEVON AVE. SUITE 121','','DES PLAINES','IL','60018','847 827 8608',NULL,'847 827 8608'),(350,5861,'J.J.L.L. INC ','1201 E. LINDEN AV','','LINDEN','NJ','07036','908-862-5004 FAX 908-862-5131',NULL,'ACCOUNTS PAYABLE DEPT'),(351,5862,'JACOBSON GLOBAL ','980 Lone Oak Rd. ste.134','','EAGAN','MN','55121-1593','651 687 9797',NULL,'651 687 9797'),(352,5863,'JACOBSON GLOBAL LOGISTICS ','1338 W.228 ST. UNIT A','','TORRANCE','CA','90501','310 222 6200',NULL,'310 222 6200'),(353,5864,'JAGRO (AIR EXPORT DEPT ONLY)','750 WALNUT AVE','','CRANFORD','NJ','07016','908 967-5400 FAX 5401',NULL,'TED/ACCTS PAYABLE'),(354,5864,'JAGRO (AIR/VALLEY STREAM)','486 SUNRISE HIGHWAY STE.202','','ROCKVILLE CENTER','NY','11570','516-568-2900 FAX 2926/28',NULL,'ACCOUNTS PAYABLE'),(355,5864,'JAGRO (CUSTOMS BROKERS)','750 WALNUT AVE','','CRANFORD','NJ','07016','908 967 5400 FAX 5401',NULL,'CHRISTOPHER or ACCTS PAYABLE'),(356,5864,'JAGRO (INC)','22010 S WILMINGTON AVE','','CARSON','CA','90745','3109846388/F3109486390',NULL,'NANCY'),(357,5864,'JAGRO (OCEAN)','290 NYE AVE','','IRVINGTON','NJ','07111','973-679-1718 FAX 375-3928',NULL,' ACCTS PAYABLE'),(358,5865,'JAIHERB (ESSENTIAL OF NATURE)','14 MADISON ROAD (UNIT C)','','FAIRFIELD','NJ','07004','973-439-6869 FAX# 6879',NULL,'ATTN: SCOTT CHEN'),(359,5866,'JAN PACKAGING ','100 HARRISON STREET','','DOVER','NJ','07801','JIMMY 973 361 7200',NULL,'JIMMY 973 361 7200'),(360,5867,'JANEL GROUP ','150-14 132 AVENUE','','JAMAICA','NY','11434','718-977-4971',NULL,'ATTN: Gene Limongelli'),(361,5868,'JAS FWD (NASHVILLE)','25 CENTURY BLVD STE#603','','NASHVILLE','TN','37214','615-874-0600',NULL,'PAM STEVENS'),(362,5868,'JAS FWD (NY OFFICE)','70 E. SUNRISE HWY (#407)','','VALLEY STREAM','NY','11581','ATTN: A/P DEPT',NULL,'ATTN: A/P DEPT'),(363,5869,'JAV INTL. ','500 OCEAN AVENUE','','EAST ROCKAWAY','NY','11518-1235','516 887 5122',NULL,'516 887 5122'),(364,5870,'JCOB & CO., INC. ','2710 EL PRESIDIO STREET','','CARSON','CA','90810','310-635-1000 FAX#1010',NULL,'ATTN: NANCY HONG'),(365,5871,'JEFRON MESSENGER SERVICES ','55 WALKER STREET','','NEW YORK','NY','10013','212-431-6610 FAX# 6719',NULL,'ATTN: CHRIS A/P'),(366,5872,'JET SPEED AIR CARGO ','153-63 ROCKAWAY BLVD','','JAMAICA','NY','11434','718-978-1100',NULL,'ACCOUNTS PAYABLE'),(367,5873,'JET SPEED LOGISTICS (ORD)','1555 MITTEL BLVD.','','WOOD DALE','IL','60191','630-595-5601 FAX# 6361',NULL,'ATTN: ACCT. PAYABLE'),(368,5874,'JM RODGERS CO., INC ','1975 LINDEN BLVD, 3RD FLOOR','','ELMONT','NY','11003','516-872-5570 FAX# 5593',NULL,'ATTN: A/P DEPT.'),(369,5875,'JMKC EXPRESS ','P.O. BOX 2579','','PalosVerdesPeninsula','CA','90275','562-290-8866 FAX# 8311',NULL,'ATTN: ACCT. PAYABLE'),(370,5876,'JOBIN YVON INC. ','3880 PARK AVENUE','','EDISON','NJ','08820','732-494-8660 FAX# 549-3021 GEO',NULL,'ATTN: ACCT. PAYABLE'),(371,5877,'JOHN A. STEER (BWI)','6610 TRIBUTARY ST.  #107','','BALTIMORE','MD','21224','410 633 3912',NULL,'410 633 3912'),(372,5877,'JOHN A. STEER (EWR)','331 MAIN STREET','','METUCHEN','NJ','08840','732-205-8283 FAX# 8328',NULL,'ATTN: CHARLES RILEY'),(373,5877,'JOHN A. STEER (MIA)','2100 CORAL WAY (STE# 501)','','MIAMI','FL','33145','305-858-1110 FAX# 4020',NULL,'ATTN: ACCT. PAYABLE'),(374,5877,'JOHN A. STEER (NORFOLK)','400 N. CENTER DR BLG 3 ST 111','','NORFOLK','VA','23502','767-455-6323 FAX 6017',NULL,'ATTN: BECKY'),(375,5877,'JOHN A. STEER (PA)','408 ELMWOOD AVE COURT ONE','','SHARON HILL','PA','19032','610-237-0800 FAX 461-0362',NULL,'ACCOUNTS PAYABLE'),(376,5877,'JOHN A. STEER (PHL)','28 SO SECOND STREET','','PHILADELPHIA','PA','19106','215-922-6610 FAX 0784',NULL,'ACCTS PAYABLE/MATT G'),(377,5878,'JOHN S. CONNOR INC ','799 CROMWELL PARK DRIVE','','GLEN BURNIE','MD','21061','SUITES A-G (410) 863-0211',NULL,'(ANN) A/P DEPT. - 800-795-2751'),(378,5879,'JRS TRUCKING SERVICES, INC. ','230-79 IAC BLVD. (SUITE #500)','','JAMAICA','NY','11413','718-553-2700 FAX# 5316',NULL,'ATTN: ACCT. PAYABLE'),(379,5880,'JTW AIR EXPRESS ','PO BOX 42152','','DETROIT','MI','48242','800-343-7842 FAX 313-942-7429',NULL,'ACCOUNTS PAYABLE DEPT'),(380,5881,'K LINE (VA)','8730 STONY POINT PKY ST 400','','RICHMOND','VA','23235','804-560-3600 FAX 3324',NULL,'ATTN ACCOUNTS PAYABLE'),(381,5882,'K LINE LOG (NY)','145-68 228th ST UNIT# 2','','SPRINGFIELD GARDENS','NY','11431','718-807-3300 FAX#3303',NULL,'ATTN: A/P DEPT'),(382,5883,'K LOGISTICS CORP ','2 E. UNION AVE.','','EAST RUTHERFORD','NJ','07073','201-933-9701 FAX# 9704',NULL,'ATTN HAN SONG'),(383,5884,'K&N AIR/JFK ONLY ','156-15 146TH AVE','','JAMAICA','NY','11434','718-990-1210 FAX 718-481-9508',NULL,'ACCOUNTS PAYABLE DEPT'),(384,5885,'K&N MSP DOMESTIC ','815 N.W. PARKWAY STE.190','','EAGAN','MN','55121','800-648-6248',NULL,'ACCOUNTS PAYABLE DEPT'),(385,5886,'K+L FREIGHT ','745 S.ROHLWING RD.','','ADDISON','IL','60101','630 607 1500',NULL,'630 607 1500'),(386,5887,'KAMINO (BOS)','150 EASTERN AVEUNE','','CHELSEA','MA','02150','617 887 1399',NULL,'617 887 1399'),(387,5888,'KAYLA LOGISTICS ','153-04 ROCKAWAY BLVD (2nd FL)','','JAMAICA','NY','11434','347-535-1150',NULL,'ATTN: A/P DEPT'),(388,5889,'KELVIN ','280 ADAMS BLVD.','','FARMINGDALE','NY','11735','631-756-1750 FAX# 1763',NULL,'ATTN: ACCT. PAYABLE'),(389,5890,'KEYSTONE INT\'L LOGISTICS ','1 CROSS ISLAND PLAZA (#229A)','','ROSEDALE','NY','11422','718-978-2109 FAX# 2149',NULL,'ATTN: ACCT. PAYABLE'),(390,5891,'KINGSCOTE FREIGHT, INC. ','600 BAYVIEW AVE. (#303)','','INWOOD','NY','11096','516-823-0673 FAX# 0952',NULL,'ATTN: A/P DEPT.'),(391,5892,'KINTETSU WORLD EXPRESS ','230-39 INT\'L AIRPORT','','SPRINGFIELD GARDENS','NY','11413-4104','CENTER BLVD.(516-371-8000)',NULL,'PAT 201-319-9300 ACCTS PAYABLE'),(392,5893,'KNF NEUBERGER INC ','TWO BLACK FOREST RD','','TRENTON','NJ','08691-1810','609-890-8600 FAX 8323',NULL,'CARMINA PEREZ'),(393,5894,'KOBO PRODUCTS INC. ','3474 SOUTH CLINTON AVENUE','','SOUTH PLAINFIELD','NJ','07080','908-941-7105',NULL,'ATTN: MARLENE ALGARIN'),(394,5895,'KOL ','PO BOX 1061','','STERLING','VA','20167','ACCOUNT PAYABLE',NULL,'ACCOUNT PAYABLE'),(395,5896,'KROWN USA ','8435 NW 72ND STREET','','MEDLEY','FL','33166-2937','305-436-1999 FAX#1888',NULL,'IRENE / YOLANDA A.P. DEPT'),(396,5897,'KSL USA, INC ','145-69 226th STREET','','SPRINGFIELD GARDENS','NY','11413','718-276-2569 FAX# 978-1261',NULL,'ATTN: JAMES LEE'),(397,5898,'KUEHNE + NAGEL ','10 EXCHANGE PLACE  19TH FLOOR','','JERSEY CITY','NJ','07302','',NULL,''),(398,5899,'L.A.S.L. (LATVIAN)','19 NORTH MOUNTAIN AVE','','MONTCLAIR','NJ','07042-1810','973-744-6565 FAX# 746-7222',NULL,'ATTN: ACCT. PAYABLE'),(399,5900,'LA PRAIRIE INC ','30 ETHEL RD','','EDISON','NJ','08817','732-287-2401 FAX 5830',NULL,'ATTN. HOWARD'),(400,5901,'LANDROVER SMITHTOWN ','','','ST JAMES','NY','','631 360 1212',NULL,'631 360 1212'),(401,5902,'LANDSTAR SYSTEMS ','PO BOX 3','','FORK','MD','21051','410-593-9530 FAX 9534',NULL,'ATTN: A/ DEPT.'),(402,5903,'LANGHAM ','5335 W. 74TH STREET','','INDIANAPOLIS','IN','46268','800-727-3962 FAX 317-290-0321',NULL,'ACCOUNTS PAYABLE'),(403,5904,'LAUFER CLEARANCE CO. ','100 OCEANGATE  SUITE 405','','LONG BEACH','CA','90802','562 628 1111  CHERYL BARTOLOTT',NULL,'562 628 1111  CHERYL BARTOLOTT'),(404,5905,'LAUFER FREIGHT LINES ','234 SOUTH WEST 43RD ST. BLD 2','','RENTON','WA','98055','RENEE 425 656 4485',NULL,'RENEE 425 656 4485'),(405,5906,'LAUFER GROUP INT\'L LTD ','20 VESEY STREET STE 601','','NEW YORK','NY','10007-291','NEED TEL#NEED FAX#',NULL,'ACCOUNTS PAYABLE'),(406,5907,'LEADING EDGE LOGISTICS ','90 S NEWTON STREET RD','','NEWTON SQUARE','PA','19073','888-328-7573 FAX 972-573-1936',NULL,'ATTN ACCOUNTS PAYABLE'),(407,5908,'LELAND LIMITED, INC ','2614 SOUTH CLINTON AVE','','SOUTH PLAINFIELD','NJ','07080','A/P DEPT',NULL,'A/P DEPT'),(408,5909,'LESCHACO INC. (HOUSTON)','15355 VANTAGE PKWY (STE#195)','','HOUSTON','TX','77032','281-442-1895 FAX#590-5039',NULL,'ATTN: RONNETTA HICKS'),(409,5909,'LESCHACO INC. (JERSEY CITY)','1 EVERTRUST PLAZA (3RD FLOOR)','','JERSEY CITY','NJ','07302','201-333-0200 FAX# 6028',NULL,'ATTN: NILSON AVELAR'),(410,5910,'LESCHACO/RICHMOND VA ','5711 S LABURNUM AVE','','RICHMOND','VA','23231','804-222-1406 FAX 344 8422',NULL,' ACCOUNTS PAYABLE'),(411,5911,'LIVINGSTON INTERNATIONAL, INC ','70 East Sunrise Hwy (#620)','','Valley Stream','NY','11581','516 825 3622 ext 7818',NULL,'a/p dept.'),(412,5912,'LMJ LOGISTICS ','2227  RT. 1   STE.276','','NORTH BRUNSWICK','NJ','08902','732 940 2169',NULL,'732 940 2169'),(413,5913,'LOGFRET INC. ','6801 WEST SIDE AVE','','NORTH BERGEN','NJ','07047','201 817 1151',NULL,'ACCTS PAYABLE'),(414,5915,'LYNDEN AIR FREIGHT ','230-79 Intl.Airport ctr.#105','','Jamaica','NY','11413','Jayson 718 632 8710',NULL,'Jayson 718 632 8710'),(415,5916,'LYNDEN/POLARIS AIR FREIGHT ','PO BOX 3696','','SEATTLE','WA','98124','800-603-1148 FAX 410-712-4657',NULL,'ACCOUNTS PAYABLE'),(416,5917,'M&L TRUCKING ','62 NORTH MOUNTAIN BLVD','','MOUNTAIN TOP','PA','18707','570-474-6873 FAX#474-9048',NULL,'570-474-6873 FAX#474-9048'),(417,5918,'M-PACT MNGT. SOLUTIONS ','P.O. BOX 45056','','ATLANTA','GA','30320','866-668-2800 FAX# 404-766-2855',NULL,'ATTN: MICKEY ADAIR'),(418,5919,'M.A.C. ','ONE INDUSTRIAL PLAZA BLDG 1A','','VALLEY STREAM','NY','11581','516-568-2899 FAX 516-872-0879',NULL,'ATTN:DON'),(419,5920,'M.H. LOGISTICS ','633 DIVISION STREET','','ELIZABETH','NJ','07201','908 965 3191',NULL,'908 965 3191'),(420,5921,'MAC TRANSPORTATION SERVICES ','145 HOOK CREEK BLVD (A5B)','','VALLEY STREAM','NY','11581','516-256-0414 FAX# 0429',NULL,'ACCT. PAYABLE'),(421,5922,'MACRO TRANSPORT ','101 EXECUTIVE CIRCLE','','DAYTONA BEACH','FL','32114','386 671 4841',NULL,'386 671 4841'),(422,5923,'MAGIC FREIGHT C/O K LOGITICS ','147-32 FARMERS BLVD.','','JAMAICA','NY','11434','718-917-8610 FAX# 8302',NULL,'ATTN: ACC.T PAYABLE'),(423,5924,'MAHER TERMINALS ','FLEET STREET','','ELIZABETH','NJ','07201','DAVE CLARK',NULL,'DAVE CLARK'),(424,5925,'MAINFREIGHT INC ','560-596 BERCIK ST','','ELIZABETH','NJ','07201','908 527 1010 FAX 9267',NULL,'DEBORAH RUMORE X618'),(425,5926,'MAIRON INTL. (LAX)','11099 S.LA CIENEGA BLVD','','LOS ANGELS','CA','90045','310-337-9496 FAX 9506',NULL,'ATTN: ANJA GORDON.'),(426,5926,'MAIRON INTL. (ORD)','765 NORTH RT. 83 (UNIT 121)','','BENSENVILLE','IL','60106','630-616-8572 FAX# 8650',NULL,'ATTN: GEORGE'),(427,5927,'MAKO GROUP ','ONE LENOX','','FARMINGDALE','NY','11735','631-880-3396',NULL,'A/P DEPT'),(428,5928,'MALLORY ALEXANDER INT\'L LOG. ','777 SUNRISE HIGHWAY STE 310','','LYNBROOK','NY','11563','516 371 1700',NULL,'516 371 1700'),(429,5929,'MANACO INT\'L ','P.O. BOX 13081','','FT LAUDERDALE','FL','33316','954-463-6910 FAX 954-463-3509',NULL,'MEL COHEN - ACCOUNTS PAYABLE'),(430,5930,'MANAGEMENT CONSULTANT BROKER ','PO BOX 340','','SOUTH KEARNY','NJ','07032','973-465-1500 FAX 973-465-2158',NULL,'ACCOUNTS PAYABLE DEPT'),(431,5931,'MANNA FREIGHT SYSTEMS ','2440 ENTERPRISE DRIVE','','MENDOTA HEIGHTS','MN','55120','877-626-6249 FAX# 651-994-6582',NULL,'ATTN: JENN FEDDEMA'),(432,5932,'MARAIS INC. ','55 NASSAU AVE.','','BROOKLYN','NY','11222','718 782 3075',NULL,'718 782 3075'),(433,5933,'MARATHON LINE NY, INC ','875 AVE OF THE AMERICAS','','NEW YORK','NY','10001','SUITE# 2107 (21st FLOOR)',NULL,'212-239-1331 (A/P DEPT.)'),(434,5934,'MARELI INTL. ','701 NEWARK AVE.  SUITE 300','','ELIZABETH','NJ','07208','908-353-4000 FAX# 3542000',NULL,'ATTN: ACCT. PAYABLE'),(435,5934,'MARELI INTL.  (B)','2642 WHITEHORSE HAMILTON ROAD','','HAMILTON','NJ','08690','609 586 0900',NULL,'609 586 0900'),(436,5935,'MARELI INTL. INCORPORATED ','119A WEST LINCOLN PKWAY','','PENNDEL','PA','19047','215 750 8030  FAX 8033',NULL,'215 750 8030  FAX 8033'),(437,5936,'MARK ADAMS ','100 HOFFMAN PLACE','','HILLSIDE','NJ','07205','',NULL,''),(438,5937,'MARK AIR FREIGHT ','3251 REVERE # 225','','AURORA','CO','80011','FAX 303-252-4809',NULL,'MARK BAJANEN - ACCTS PAYABLE'),(439,5938,'MARLBORO INDUSTRIAL PARK ','9 TIMBER LANE','','MARLBORO','NJ','07746','732-462-7577 FAX# 9959',NULL,'ATTN: ACCT. PAYABLE'),(440,5939,'MARLOWE & CO., INC ','P.O. BOX 90459','','LOS ANGELES','CA','90009','310-337-1510 FAX# 1990',NULL,'A/P DEPT. SYDNEE PETTY'),(441,5940,'MARQUIS ','147-39  175TH STREET','','JAMAICA','NY','11434','718-656-6762 FAX 718-656-7109',NULL,'SANDY/GREGORY - ACCTS PAYABLE'),(442,5941,'MASTER FORWARDING NETWORK ','3250 WILSHIRE BLVD. (#1111)','','LOS ANGELES','CA','90010','818-448-1000 FAX#213-739-1517',NULL,'GEORGE RUTNAM'),(443,5942,'MBH INT\'L CORP. ','494 8th AVE, STE# 802','','NEW YORK','NY','10001-2542','212-594-6700 FAX# 7100',NULL,'ATTN: A/P DEPT'),(444,5943,'MCS, INC. ','110 METROPLEX BLVD. (SUTIE# B)','','PEARL','MS','39208','866-320-2275 FAX#601-939-1044',NULL,'ATTN: BILL BUTLER'),(445,5944,'MDS LOGISTICS, INC. ','P.O. BOX 2158','','MORRISTOWN','TN','37816-2158','800-621-4306 FAX# 423-581-2310',NULL,'ATTN: FREIGHT PAYABLES'),(446,5945,'MEADOWBROOK INVENTIONS, INC. ','260 MINE BROOK ROAD (RTE. 202)','','BERNARDSVILLE','NJ','07924-0960','908-766-0606 FAX# 6878',NULL,'ATTN: ACCT. PAYABLE'),(447,5946,'MEGATRUX, INC ','900 W. FLORENCE AVE','','INGLEWOOD','CA','90301','800-407-2340 FAX 310-641-5059',NULL,'ATTN STEVE J'),(448,5947,'MEGATRUX-PETICCA EXPRESS ','149 E CHERRY ST','','CARTERET','NJ','07008','973-954-4511',NULL,'ATTN: LAURA PETICCA'),(449,5948,'MERIT FREIGHT SYSTEMS ','P.O. BOX 91900','','ELK GROVE','IL','60009-1900','800-654-6053 FAX 708-439-0494',NULL,'ACCOUNTS PAYABLE DEPT'),(450,5949,'METRO FREIGHT ','1225 W. SAINT GEORGE AVE','','LINDEN','NJ','07036','908-925-8400',NULL,'ACCOUNTS PAYABLE'),(451,5950,'METRO WORLDWIDE SERVICES, INC. ','147-20  181ST STREET','','JAMAICA','NY','11413','718-656-6000 FAX 718-656-8538',NULL,'KAREN - ACCOUNTS PAYABLE DEPT'),(452,5951,'MICHAEL ARAM INC. ','2102 83rd ST.','','NORTH BERGEN','NJ','07047','ACCOUNTS PAYABLE',NULL,'ACCOUNTS PAYABLE'),(453,5952,'MID-AMERICAN OVERSEAS ','15415 INTL. PLAZA ste 200','','HOUSTON','TX','77032','281 442 4000  ext 415',NULL,'281 442 4000  ext 415'),(454,5952,'MID-AMERICAN OVERSEAS  (B)','8338 NE Alderwood Rd. Ste.110','','Portland','OR','97220','503 408 3940',NULL,'503 408 3940'),(455,5952,'MID-AMERICAN OVERSEAS (ATL)','610 AIRPORT SOUTH PKWY','','ATLANTA','GA','30349','770-996-8588 FAX# 6411',NULL,'A/P DEPT'),(456,5952,'MID-AMERICAN OVERSEAS (DTW)','11677 S. WAYNE ROAD #101','','ROMULUS','MI','48174','734-941-8980 FAX# 8985',NULL,'ATTN: A/P DEPT'),(457,5952,'MID-AMERICAN OVERSEAS (ELIZ)','1180 McLESTER STREET','','ELIZABETH','NJ','07201','SUITE#7 908-351-7150',NULL,'A/P (FAX: 908-351-7070'),(458,5952,'MID-AMERICAN OVERSEAS (JFK)','145 HOOK CREEK BLVD (BLDG.C1C)','','VALLEY STREAM','NY','11581','516-561-2003 FAX# 7845',NULL,'ATTN: ACCT. PAYABLE'),(459,5952,'MID-AMERICAN OVERSEAS (LAX)','5235 WEST 104TH STREET','','LOS ANGELES','CA','90045','310-649-9033 FAX 310-410-1121',NULL,'ACCOUNTS PAYABLE DEPT'),(460,5952,'MID-AMERICAN OVERSEAS (ORD)','201 S. PROSPECT AVENUE','','ITASCA','IL','60143','630-238-5649 FAX# 250-7393',NULL,'A/P DEPT'),(461,5953,'MIGUEL & VALENTINO ','PO BOX 5979','','BETHESDA','MD','20824','301-986-1470',NULL,'ACCOUNTS PAYABLE DEPT'),(462,5954,'MILCOR INDUSTRIES ','70 KINDERMACK ROAD','','EMERSON','NJ','07630','201-576-9810 FAX# 9815',NULL,'ATTN: ACCT. PAYABLE'),(463,5955,'MILLENNIUM TRANSPORTATION INC. ','80 BURR RIDGE PARKWAY','','BURR RIDGE','IL','60521','(SUITE #114) 888-304-7371',NULL,'ATTN: ACCT. PAYABLE'),(464,5956,'MINICO ','66-A SOUTH SECOND STREET','','BAY SHORE','NY','11706','631-595-1455 FAX#1620',NULL,'ATTN: ACCT. PAYABLE'),(465,5957,'MISTLER AIR FREIGHT ','182-16 149th ROAD','','JAMAICA','NY','11413','718-656-5991 FAX# 5822',NULL,'ATTN: HAROLD'),(466,5958,'MJ LOGISTICS ','P.O. BOX 201208','','DENVER','CO','80220-7208','720-857-0599 FAX#0596',NULL,'ATTN: ACCT. PAYABLE'),(467,5959,'MODE TRANSPORTATION ','1435 54TH ST BLDG 200 STE.A','','COLUMBUS','GA','31904','(GIVAUDAN)',NULL,'PER JILL'),(468,5959,'MODE TRANSPORTATION  (B)','PO BOX 17215','','MEMPHIS','TN','38187-0215','',NULL,''),(469,5960,'MODERN ART SERVICES LTD ','5-36  46TH ROAD','','LONG ISLAND CITY','NY','11101','718-472-4425 FAX 718-472-4347',NULL,'ACCOUNTS PAYABLE DEPT'),(470,5961,'MONTEBELLO FOODS ','58-85 58TH AVE','','MASPETH','NY','11378-2721',' 718-326-7210-FAX 9053',NULL,'JOE NASTASI'),(471,5962,'MORRISON\'S EXPRESS ','150-16 132nd AVENUE (2ND FL)','','JAMAICA','NY','11434','718-949-3500 FAX# 4853',NULL,'A/P DEPT.'),(472,5962,'MORRISON\'S EXPRESS (ATL)','114 SOUTHFIELD PKY STE 170','','FOREST PARK','GA','30297','404-366-8848 FAX 8801',NULL,'ACCOUNTS PAYABLE DEPT'),(473,5963,'MPAK INTERNATIONAL INC. ','PO BOX 2012','','COLLEYVILLE','TX','76034','800 522 6725',NULL,'ACCOUNTS PAYABLE DEPT'),(474,5964,'MRZ TRUCKING ','182-25 150TH AVE','','JAMAICA','NY','11413','718-244-8912 FAX 718-244-7580',NULL,'ACCOUNTS PAYABLE DEPT'),(475,5964,'MRZ TRUCKING  (B)','150 ALBANY AVE.','','FREEPORT','NY','11520','ATTN: ACCT. PAYABLE',NULL,'ATTN: ACCT. PAYABLE'),(476,5965,'MSAS CARGO ','248-06 ROCKAWAY BLVD','','JAMAICA','NY','11434','718-481-5513 FAX 718-528-0871',NULL,'MONICA - ACCOUNTS PAYABLE'),(477,5966,'MULLER SHIPPING CORP. ','1 INDUSTRIAL PLAZA BLDG E','','VALLEY STREAM','NY','11581','516-256-7700 FAX 516-256-7701',NULL,'ACCOUNTS PAYABLE'),(478,5967,'MUSSON INTL. ','18568 ASUNCION ST.','','NORTHRIDGE','CA','91326','BRUCE 818 366 3542',NULL,'BRUCE 818 366 3542'),(479,5968,'NATIONAL ROUTING/EWR ','257 WILSON AVE','','NEWARK','NJ','07105','800-344-0053 fax 973-690-6417',NULL,'ACCOUNTS PAYABLE'),(480,5969,'NATIONWIDE SALES & SERVICE ','303 SMITH ST STE 4','','FARMINGDALE','NY','117041301','516-561-9300 FAZ 9326',NULL,'ACCOUNTS PAYABLE'),(481,5970,'NATURAL NYDEGGER TRANS CORP. ','1 CROSS ISLAND PLAZA (#118)','','ROSEDALE','NY','11422','347-982-2675 FAX# 718-978-1019',NULL,'ATTN: A/P DEPT.'),(482,5971,'NAVIGATIONAL LOGISTICS, INC. ','147-35 183rd STREET','','JAMAICA','NY','11413','718-553-9500 FAX# 9600',NULL,'ATTN: ACCT. PAYABLE'),(483,5972,'NDO AMERICA INC. ','71 SOUTH CENTRAL AVE','','VALLEY STREAM','NY','11586','516-872-1891',NULL,'ATTN: A/P DEPT'),(484,5973,'NETWORK BROKERS INTL INC ','100 North Centre Ave. Room 204','','Rockville Center','NY','11570','516-825-6623',NULL,'ACCTS PAY. CELL#516-729-2264'),(485,5974,'NEW DIREX, INC. ','239 LAUREL ROAD','','EAST NORTHPORT','NY','11731','631-837-0100 FAX# 0105',NULL,'ATTN: A/P (BETSY)'),(486,5975,'NEW WORLD FREIGHT ','167-55 148th AVENUE','','JAMAICA','NY','11434','718-244-8996',NULL,'ATTN: ACCT. PAYABLE'),(487,5976,'NFI GLOBAL ','1515 BURNT MILL ROAD','','CHERRY HILL','NJ','08003','',NULL,''),(488,5977,'NFO CARGO INC. ','347 MEACHAM AVENUE','','ELMONT','NY','11003','516-488-8161 FAX# 8163',NULL,'ATTN: ACCT. PAYABLE'),(489,5978,'NIPPON EXPRESS (ATL)','5176 PELICAN DRIVE','','ATLANTA','GA','30349','678-826-0253',NULL,''),(490,5978,'NIPPON EXPRESS (NJ)','50 EXECUTIVE AVE','','EDISON','NJ','08817','201-806-8619 FAX# 223-0700',NULL,'BILLING'),(491,5978,'NIPPON EXPRESS (NY)','230-19 INT\'L AIRPORT','','JAMAICA','NY','11413-4104','CENTER BLVD. (SUITE 100)',NULL,'718-632-2600 FAX# 0759'),(492,5978,'NIPPON EXPRESS (OHIO)','1727 GEORGESVILLE ROAD','','COLUMBUS','OH','43228','614-870-9710 FAX 614-870-9737',NULL,'ACCOUNTS PAYABLE DEPT'),(493,5978,'NIPPON EXPRESS (PA)','212 SHARON HILL COURT II','','SHARON HILL','PA','19079','610-461-4300 FAX# 237-9509',NULL,'ATTN: A/P DEPT.'),(494,5979,'NNR GLOBAL LOGISTICS USA, INC. ','HOOK CREEK & 145TH AVE C-IA','','VALLEY STREAM','NY','11580','516-561-5011 FAX 516-561-5015',NULL,'PETER LIN - ACCOUNTS PAYABLE'),(495,5980,'NORVIK CARGO INT\'L ','179-02 150TH AVE (#2nd FLOOR)','','JAMAICA','NY','11434','718-880-2160 FAX# 2460',NULL,'ATTN: A/P DEPT.'),(496,5981,'NOVO A/K/A AMFEX ','450 METUCHEN ROAD','','SO. PLAINFIELD','NJ','07080','908-754-1300 FAX# 1940',NULL,'ATTN: A/P DEPT.'),(497,5982,'NYCITEX CORP. ','175-18 147th AVENUE','','JAMAICA','NY','11434','718-244-8790 FAX#8770',NULL,'ATTN: EMRAH LIMON'),(498,5983,'NYK LINE ','300 LIGHTING WAY  4TH FLOOR','','SECAUCUS','NJ','07094','',NULL,''),(499,5984,'O.E.C. FREIGHT INC. (MIAMI)','9905 NW 17st suite 107','','MIAMI','FL','33172','305 463 7007',NULL,'305 463 7007'),(500,5984,'O.E.C. FREIGHT INC. (NY)','1 CROSS ISLAND PLAZA (#306)','','ROSEDALE','NY','11422','133-33 BROOKVILLE BLVD.',NULL,'718-527-7171 A/P'),(501,5985,'OCEAN BOTANICALS & SPICES ','ONE MAIN STREET (#204)','','EATONTOWN','NJ','07724','732-380-9530 FAX# 9532',NULL,'ATTN: LARRY KOPP'),(502,5986,'OCEAN LINK ','704 GINESI DR','','MORGANVILLE','NJ','07751','732-972-0035',NULL,'SAM'),(503,5987,'OCEANAIR INC. ','186A LEE BURBANK HWY','','REVERE','MA','02151','781-286-7788 FAX# 4377',NULL,'A/P DEPT.'),(504,5988,'OEC SHIPPING LOS ANGELES INC ','5777 W. CENTURY BLVD SUITE 750','','LOS ANGELES','CA','90045','310-642-1320 FAX 310-642-1321',NULL,'ATTN:ACCOUNTS PAYABLE'),(505,5989,'OMADA WORLDWIDE EXPEDITE INC ','PO BOX 421969','','INDIANAPOLIS','IN','46241','317-293-5777 X112 FAX 317 481',NULL,'TED HOWLETT'),(506,5990,'OMNI LOGISTICS INC (DFW)','15912 INTL PLAZA DRIVE','','HOUSTON','TX','77032','817 410 9225 FAX 9226',NULL,'ACCTS PAYABLE 281 209 9228'),(507,5991,'OMNITRANS CORP. ','167-16  146TH AVE.','','JAMAICA','NY','11434','718 995 9220',NULL,'718 995 9220'),(508,5992,'ON THE MOVE ','P.O. BOX 167','','GLENOLDEN','PA','19036','610-532-2200 FAX 610-532-1900',NULL,'ATTN: ACCOUNTS PAYABLE'),(509,5993,'ON TIME ','95 MONOCACY BLV. STE.B 17','','FREDRICK','MD','21701','JOE',NULL,'JOE'),(510,5994,'ONE LINK LOGISTICS ','530 WEST STREET','','BRAINTREE','MA','02184','781-843-2004 FAX# 733-4169',NULL,'ATTN: ED PERRY'),(511,5995,'ONYX INTERNATIONAL INC. ','300 MERRICK ROAD  205','','LYNBROOK','NY','11563','516 568 3117',NULL,'516 568 3117'),(512,5996,'OOCL  INC. ','2633 CAMINO RAMON SUITE 400','','SAN RAMON','CA','94583','',NULL,''),(513,5997,'OVERNIGHT SOLUTION, INC ','600 N. SHERPARD (#512)','','HOUSTON','TX','77007','713-802-2773 FAX# 0196',NULL,'ATTN: A/P DEPT'),(514,5998,'OVERSEAS ENTERPRISES ','1124 BRUNSWICK AVE','','FAR ROCKAWAY','NY','116901','718-525-3344 FAX 718-525-1123',NULL,'FRAN - ACCOUNTS PAYABLE DEPT'),(515,5999,'PACIFIC SHIPPING COMPANY ','8 SOUTH IDAHO STREET','','SEATTLE','WA','98134','206 624 3493',NULL,'206 624 3493'),(516,6000,'PACIFIC TRANSIT SERVICES INC. ','420 DOUGHTY BLVD. (2ND FLOOR)','','INWOOD','NY','11096','516-881-2020 FAX# 2030',NULL,'ATTN: A/P DEPT.'),(517,6001,'PACTRANS INC. (USA)','167-55 148th STREET (#288)','','JAMAICA','NY','11434','718-244-9888 FAX# 9898',NULL,'ATTN: A/P DEPT'),(518,6002,'PAFCO IMPORTING ','15373 Innovation Drive Ste.105','','SAN DIEGO','CA','92128','',NULL,''),(519,6003,'PANALPINA AIR FREIGHT ','152-81 ROCKAWAY BLVD.','','JAMAICA','NY','11434','800-6474464 X132 F/718-6321923',NULL,'ROSE - ACCOUNTS PAYABLE DEPT'),(520,6004,'PANTONE ','590 COMMERCE BLV','','CARLSTADT','NJ','07072','MARVIN',NULL,'MARVIN'),(521,6005,'PDS FREIGHT SERVICES (UNIT D)','230-79 INT\'L AIRPORT CTR BLVD','','SPRINGFIELD GARDENS','NY','11434','718-525-5553 FAX# 5794',NULL,'ATTN: PETER PEZZINO OR AP DEPT'),(522,6006,'PERFECT AIR & SEA SERVICE INC. ','175-11 148th AVENUE','','JAMAICA','NY','11434','718-995-2222 FAX# 2828',NULL,'EUNICE - A/P'),(523,6007,'PERIMETER LOGISTICS ','2700 STORY RD WEST (#150)','','IRVING','TX','75038','877-701-1919 FAX#214-260-1435',NULL,'ATTN: A/P DEPT.'),(524,6008,'PHOENIX INT\'L ','7261 Engle Rd. Suite 400','','Middleburg Heights','OH','44130','440 234 7811',NULL,'440 234 7811'),(525,6008,'PHOENIX INT\'L (BOS)','400 UNICORN PARK','','WOBURN','MA','01801','FAX# 781-994-0008',NULL,'ATTN: ACCT. PAYABLE DEPT.'),(526,6008,'PHOENIX INT\'L (DEN)','18150 E. 32 PLACE  SUITE C','','AURORA','CO','80011-3327','303 537 1400',NULL,'303 537 1400'),(527,6008,'PHOENIX INT\'L (DFW)','1061 E. NORTHWEST HIGHWAY #500','','GRAPEVINE','TX','76051','800 993 3386',NULL,'800 993 3386'),(528,6008,'PHOENIX INT\'L (KANSAS CITY MO)','10801 NORTH POMONA','','KANSAS CITY','MO','64151','816-891-9169 FAX# 8961',NULL,'ATTN: ACCT. PAYABLE'),(529,6008,'PHOENIX INT\'L (LAX)','19701 S. VERMONT AVE','','TORRANCE','CA','90502','310-515-7755 EXT#18703',NULL,'CHRISTINA DE LA TORRE'),(530,6008,'PHOENIX INT\'L (NC)','1337 HUNDRED OAKS DR. BLD B','','CHARLOTTE','NC','28217','704-357-3200',NULL,'ATTN: ACCT. PAYABLE'),(531,6008,'PHOENIX INT\'L (NEW JERSEY)','65 JACKSON DRIVE','','CRANFORD','NJ','07016','908-206-0310 FAX 0325',NULL,'ATTN: KEITH M'),(532,6008,'PHOENIX INT\'L (ORD)','855 ILLINOIS ROUTE 83','','BENSENVILLE','IL','60106','630-274-7950',NULL,'ATTN: KARI FENCI'),(533,6008,'PHOENIX INT\'L (ORD) (B)','712 N. CENTRAL AVE.','','WOODDALE','IL','60191','630 766 4445',NULL,'630 766 4445'),(534,6008,'PHOENIX INT\'L (STL)','4659 WORLD PKWY CIRCLE','','ST. LOUIS','MO','63134','314-427-4222 FAX# 1701',NULL,'ATTN: ACCT. PAYABLE'),(535,6009,'PHOENIX SALES & SERVICES ','200 OKERSON ROAD','','FREEHOLD','NJ','07728','732-845-3966 FAC 732-845-9440',NULL,'ACCOUNTS PAYABLE DEPT'),(536,6010,'PILOT AIR FREIGHT ','PO BOX 97','','LIMA','PA','19037-0097','610-548-7902 DENNIS CELL 610-9',NULL,'ACCOUNTS PAYABLE'),(537,6010,'PILOT AIR FREIGHT (ELIZABETH)','560-596 BERCIK STREET','','ELIZABETH','NJ','07201','908-558-7334',NULL,'DALE WOLFF'),(538,6011,'PLATINUM CARGO LOGISTICS ','19250 S. Van Ness Ave.','','TORRANCE','CA','90501','CAROL 310 436 2060',NULL,'CAROL 310 436 2060'),(539,6012,'POLARIS DEVELOPMENT CORP. ','22650 EXECUTIVE DRIVE (#137)','','STERLING','VA','20166','703-673-2833 FAX# 435-2177',NULL,'ATTN: ACCT PAYABLE'),(540,6013,'POLMAX ','12161 S. CENTRAL AVE.','','ALSIP','IL','60803','708 713 0220',NULL,'708 713 0220'),(541,6014,'PORT AIR CARGO ','152-60 ROCKAWAY BLVD','','JAMAICA','NY','11434','718-656-8555',NULL,'ACCOUNTS PAYABLE DEPT'),(542,6015,'POWER FREIGHT SERVICES ','23649 EUREKA ROAD','','TAYLOR','MI','48180','877-753-9002 FAX# 734-374-8056',NULL,'A/P DEPT. - JACK'),(543,6016,'POWER LIGHT SHIPPING COMP. ','15358 VALLEY BLVD.','','CITY OF INDUSTRY','CA','91746','626-934-7472  F# 968-7133',NULL,'ATTN: ACCT. PAYABLE'),(544,6017,'PRECISION DEALER SERVICES, INC ','P.O. BOX 74','','WHITEHOUSE STATION','NJ','08889','908-534-8881 FAX# 6140',NULL,'ATTN: MARK BERRY'),(545,6018,'PREMIUM EXPEDITE INC ','1696 AVENUE ROAD STE 1214','','TORONTO ONTARIO','','M5M 3Y4','905-795-1088 FAX 905-795-1148',NULL,'ATTN: ACCOUNTS PAYABLE'),(546,6019,'PRESTIGIOUS AIR SERVICES ','167-39  147TH AVENUE','','JAMAICA','NY','11434','718-712-1653',NULL,'ACCOUNTS PAYABLE DEPT'),(547,6020,'PRINCETON INSTRUMENTS ','3660 QUAKERBRIDGE ROAD','','TRENTON','NJ','08619','609-631-4084',NULL,'THAO DUONG'),(548,6021,'PROFORMANCE UNLIMITED INC. ','23 CINDY LANE','','OCEAN','NJ','07712','732-695-2520 FAX# 2525',NULL,'ATTN: ACCT. PAYABLE'),(549,6022,'PROFREIGHT BROKERS, INC. ','145-47 155th STREET','','JAMAICA','NY','11434','718-977-8070 FAX# 276-5740',NULL,'ATTN: ACCT. PAYABLE'),(550,6023,'PRONTO FREIGHT WAYS, INC. ','28825 GODDARD ROAD (SUITE 110)','','ROMULUS','MI','48174','888-800-6566',NULL,'ATTN: PHIL'),(551,6024,'PT GROUP ','6325 DIXIL RD. (UNITS 9-12)','','MISSISSAUGA','ON','ONL5T-2E5','866-812-0002 FAX# 905-795-1148',NULL,'ATTN: ACCT.PAYABLE'),(552,6025,'PWD INCORPORATED ','1080 GARDEN STATE ROAD','','UNION','NJ','07083','908 810 9236',NULL,'908 810 9236'),(553,6026,'Q W EXPRESS ','1000 REMINGTON BLVD STE 300','','BOLINGBROOK','IL','60440','800-388-4112 (TRACY- A/P DEPT)',NULL,'A/P# 630-343-4646 FAX# 4445'),(554,6027,'QUANTUM INTERNATIONAL ','148 DOUGHTY BLVD. (SUTIE# 250)','','INWOOD','NY','11096-2080','516-371-2360 FAX# 2363',NULL,'ACCT. PAYABLE'),(555,6028,'QUEST INTERNATIONAL FRAGRANCES ','400 INTERNATIONAL DRIVE','','MOUNT OLIVE','NJ','07828','ATTN: DIANA MURPHY',NULL,'ATTN: DIANA MURPHY'),(556,6029,'QW EXPRESS ','PO BOX 536','','HASLET','TX','76052','KAREN',NULL,'KAREN'),(557,6030,'R.L. SWEARER COMPANY ','PO BOX 471','','SEWICKLEY','PA','15143','412 269 1919',NULL,'412 269 1919'),(558,6031,'R.S. EXPRESS / ORD ','1330 MARK STREET','','ELK GROVE VILLAGE','IL','60007','630-350-9111 FAX 630-350-9484',NULL,'ATTN: ACCT. PAYABLE'),(559,6032,'RADIANT GLOBAL ','610 SUPREME DRIVE','','BENSENVILLE','IL','60106','847 690 1774',NULL,'847 690 1774'),(560,6033,'RADIANT LOGISTICS ','PO BOX 3627','','BELLEVUE','WA','98009','800 843 4784',NULL,'800 843 4784'),(561,6034,'RADICCHIO KING, INC. ','1301 OAKPOINT AVE.','','BRONX','NY','10474','718 620 2177',NULL,'718 620 2177'),(562,6035,'RADIUS INTERNATIONAL (BOS)','580 CHELSEA STREET (#203A)','','EAST BOSTON','MA','02128','617-561-1300 FAX# 0425',NULL,'ATTN: JOE MURRAY'),(563,6036,'RADIX GROUP (JERSEY CITY ACCT)','1A COLONY ROAD','','JERSEY CITY','NJ','07305','908-558-2800',NULL,'ACCOUNTS PAYABLE DEPT'),(564,6037,'RAIA /JOHN T RAIA CHB INT ','ONE INDUSTRIAL PLAZA - BLDG. D','','VALLEY STREAM','NY','11581','516-568-9678 FAX 516-568-9857',NULL,'ACCOUNTS PAYABLE DEPT'),(565,6038,'RAMCO TRANSPORT ','P.O. BOX 155','','LAKEHURST','NJ','08733','732-657-2800 FAX#7055',NULL,'ATTN: ACCT. PAYABLE'),(566,6039,'RANDY INTERNATIONAL ','182-08 149TH AVE','','JAMAICA','NY','11413','718-995-5200 FAX 718-995-7046',NULL,'MARK - EXPORT ACCOUNTS PAYABLE'),(567,6040,'RAPID AIR FREIGHT ','11015 CLEVELAND AVE NW','','UNIONTOWN','OH','44685','800-245-6988',NULL,'ACCOUNTS PAYABLE DEPT'),(568,6041,'RAY PADULA ENT. ','1 INDUSTRIAL PLAZA (BLDG#3)','','VALLEY STREAM','NY','11581','516-570-3963 FAX# 568-9857',NULL,'ATTN: A/P DEPT.'),(569,6042,'REGIONAL FREIGHT SYSTEMS - EWR ','849 FAIRMOUNT AVE.','','ELIZABETH','NJ','07201','DON CHEE 908 351 8801',NULL,'DON CHEE 908 351 8801'),(570,6043,'RENDIC CORP ','AIRPORT IND PARK C5B','','VALLEY STREAM','NY','11581','HOOK CREEK BLVD & 145TH AVE',NULL,'516-823-2220 FAX 516-561-1095'),(571,6044,'RESOURCE LOGISTICS ','1812 SOUTH EMPIRE ROAD (STE G)','','SALT LAKE CITY','UT','84125-0355','801-972-1763 FAX# 1878',NULL,'ATTN: STEVE GOODWIN'),(572,6045,'RFL ELECTRONICS ','353 POWERVILLE ROAD','','BOONTON','NJ','07005-9151','973-334-3100 FAX# 3863',NULL,'ATTN: A/P'),(573,6046,'RG LOGISITICS LTD ','2028 GRAND AVE','','BALDWIN','NY','11510','516-546-6100 FAX# 6114',NULL,'ATTN: ACCT. PAYABLE'),(574,6047,'RHE ','268 KELLOGG ST.','','PORT NEWARK','NJ','07114','732-247-4999 FAX 732-247-4668',NULL,'RENEE/ACCT.PAYABLE'),(575,6048,'RIA INTERNATIONAL ','9 WHIPPANY ROAD #C3','','WHIPPANY','NJ','07981','973-581-1282 EXT. 21',NULL,'ATTN:ACCT. PAYABLE'),(576,6049,'RND EXHIBITS INT\'L ','7550 PLAZA COURT','','WILLOWBROOK','IL','60527','708-588-0790 FAX# 0784',NULL,'ATTN: ACCT. PAYABLE'),(577,6050,'ROBERT DUNCAN ','35 PLAINFIELD AVENUE','','FLORAL PARK','NY','11001','718 553 0753',NULL,'718 553 0753'),(578,6051,'ROCK-IT CARGO USA LLC ','5438 WEST 104th STREET','','LOS ANGELES','CA','90045','310-410-0935 FAX 0628',NULL,'MARIANA SCOTTO'),(579,6052,'ROHDE & LIESENFELD INC ','145-30 156TH STREET','','JAMAICA','NY','11434','212-432-1200 X3036 ROHAN',NULL,'ACCOUNTS PAYABLE DEPT'),(580,6053,'ROSE CONTAINERLINE, INC. ','147 WEST 25 ST. 6TH FLOOR','','NEW YORK','NY','10001','212-966-0084 FAX# 5141',NULL,'ATTN: MICHAEL'),(581,6054,'ROTRA, LLC ','841 SIVERT DRIVE','','WOOD DALE','IL','60191','630-274-2822 FAX# 741-7199',NULL,'SHARON COLLIGAN'),(582,6055,'RUSSO TIESI IMPORTS ','19 GARDNER RD','','FAIRFIELD','NJ','07004','973-439-7075 FAX 7076',NULL,'ACCOUNTS PAYABLE DEPT'),(583,6056,'RYCO LOGISTICS ','18503 94TH ST. COURT E','','BONNEY LAKE','WA','98391','253 447 7916',NULL,'253 447 7916'),(584,6057,'S&S FOOD BROKERS ','21 VAN DOREN AVE','','SOMERVILLE','NJ','08876','908-231-9382 FAX 0755',NULL,'SALVATORE VIRRUSO'),(585,6058,'SAGA INC. (USA)','145-40 157th STREET','','JAMAICA','NY','11434','718-527-0207 FAX# 0588',NULL,'ATTN: ACCT. PAYABLE'),(586,6059,'SALMINI WORLDWIDE ','440 COMMERCE AVENUE','','PALISADES PARK','NJ','07650','201-944-5572 FAX#0365',NULL,'ATTN: SUE'),(587,6060,'SAMUEL SHAPIRO & CO ','One Cross Island Plaza','','Rosedale','NY','11422','133-33 Brookville Blvd.',NULL,'George Galestro 718-527-3150'),(588,6061,'SARADON DISPLAY ','1130 MADISON AVE.','','ELIZABETH','NJ','07201','PAUL BERSTEIN',NULL,'PAUL BERSTEIN'),(589,6062,'SAVINO DEL BENE ','149-10 183 ST.','','JAMAICA','NY','11413','718-656-5971  F#718-6568492',NULL,'A/P DEPT.'),(590,6063,'SBS WORLD WIDE ','39 MAYFIELD AVENUE','','EDISON','NJ','08837','732-321-8650 FAX#8676',NULL,'ATTN: BARBARA BELLI'),(591,6064,'SCANAM TRANSPORT (JFK)','140 BROADWAY (44th FLOOR)','','NEW YORK','NY','10005','212-301-0899 FAX# 0018',NULL,'ATTN: JOHN / SOREN'),(592,6064,'SCANAM TRANSPORT (ORD)','1254 MARK STREET','','BENSENVILLE','IL','60106','630-616-8800 FAX# 8801',NULL,'ATTN: SUE KUZAN'),(593,6065,'SCARBROUGH INTERNATIONAL ','10841 AMBASSADOR DRIVE','','KANSAS CITY','MO','64153','630 595 3400',NULL,'ACCTS PAYABLE 816 584 2423'),(594,6066,'SCHAEFER TRANS (ATL)','510 PLAZA DRIVE','','COLLEGE PARK','GA','30349','404 209 0200  DENISE',NULL,'404 209 0200  DENISE'),(595,6066,'SCHAEFER TRANS (MIA)','12535 ORANGE DRIVE (STE# 610)','','DAVIE','FL','33330','954-424-2711 FAX# 2733',NULL,'ATTN: ROBIN'),(596,6066,'SCHAEFER TRANS (NY)','580 ATLANTIC AVENUE','','EAST ROCKAWAY','NY','11518','516-561-2800 FAX#2870',NULL,'ACCOUNTS PAYABLE'),(597,6067,'SCHENKER ','3501 ISLAND AVENUE','','PHILADELPHIA','PA','19153','KIM 215 921 7666',NULL,'KIM 215 921 7666'),(598,6067,'SCHENKER  (B)','1333 S.Mt Prospect Rd.','','Des Plaines','IL','60018','',NULL,''),(599,6067,'SCHENKER  (C)','150 ALBANY AVE','','FREEPORT','NY','11520','516-377-3000 (GABRIEL)',NULL,'516 377 3000'),(600,6067,'SCHENKER  (D)','635 Airport Pkway S.  Ste.100','','College Park','Ga','30349','Eddie',NULL,'Eddie'),(601,6067,'SCHENKER  (E)','860 Blue Gentian Rd. Ste.245','','Eagan','MN','55121','Erik 651 367 8814',NULL,'Erik 651 367 8814'),(602,6067,'SCHENKER (BOSTON)','310 JUBILEE DRIVE','','PEABODY','MA','01960','978-548-3829 FAX#3868',NULL,'ATTN: A/P DEPT.'),(603,6067,'SCHENKER (CHARLOTTE)','1900 ASSOCIATES LANE','','CHARLOTTE','NC','28217','704-357-0200 FAX# 8116',NULL,'ATTN: ACCT. PAYABLE'),(604,6067,'SCHENKER (CLEVELAND)','6909 ENGLE ROAD','','MIDDLEBURG HEIGHTS','OH','44130','440-243-4084 EXT.# 3013 LANCE',NULL,'ATTN: ACCT. PAYABLE'),(605,6067,'SCHENKER (DALLAS)','PO BOX 612307','','DFW','TX','75261','ESTRELLA GOVEA',NULL,'214 702 7179'),(606,6067,'SCHENKER (DENVER)','12875 EAST 42nd AVE (#50)','','DENVER','CO','80239','303-371-7050 FAX# 7121',NULL,'ATTN: A/P'),(607,6067,'SCHENKER (DFW)','600 E. DALLAS ROAD (#100)','','GRAPEVINE','TX','76051','817-488-7501 FAX# 329-0050',NULL,'ATTN: ACCT. PAYABLE'),(608,6067,'SCHENKER (DTW)','10401 HARRISON ROAD','','ROMULUS','MI','48174','734-287-7286',NULL,'ATTN: A/P DEPT.'),(609,6067,'SCHENKER (EWR IMPORTS DLV)','150 ALBANY AVE','','FREEPORT','NY','11520','516-377-3000 FAX 516-377-3074',NULL,'TAMARA 757-459-2043 FAX# 2043'),(610,6067,'SCHENKER (HOUSTON)','15800 INTL PLAZA DR STE 100','','HOUSTON','TX','77032','FMC#911R (281)-985-2132',NULL,'ATTN: ACCT. PAYABLE'),(611,6067,'SCHENKER (IND)','2375 HADLEY ROAD','','PLAINFIELD','IN','46168','317-837-3370 FAX# 3391',NULL,'ATTN: ACCT. PAYABLE'),(612,6067,'SCHENKER (JFK)','ONE CROSS ISLAND PLAZA','','ROSEDALE','NY','11422','133-33 BROOKVILLE BLVD',NULL,'ACCTS PAYABLE'),(613,6067,'SCHENKER (KENTUCKY)','1390 DONALDSON ROAD CENTER','','ERLANGER','KY','41018','(SUITE-H) 859-525-8432',NULL,'ATTN: ACCT. PAYABLE'),(614,6067,'SCHENKER (LAX)','990 EAST 233RD STREET','','CARSON','CA','90745','310-221-3203 FAX# 518-2359',NULL,'ATTN: ACCT. PAYABLE'),(615,6067,'SCHENKER (MARYLAND)','7447 NEW RIDGE ROAD','','HANOVER','MD','21076','410-691-9040 FAX# 9050',NULL,'ATTN: JOHN APPEL'),(616,6067,'SCHENKER (MIA)','10400 N.W. 21st STREET','','MIAMI','FL','33172','305-599-3689 FAX# 591-0798',NULL,'ATTN: ACCT. PAYABLE'),(617,6067,'SCHENKER (MILWAUKEE AIR EXP)','1572 E. BOLIVAR','','MILWAUKEE','WI','53235','414-769-3649 FAX# 3189',NULL,'ATTN: BRIAN RAMSON'),(618,6067,'SCHENKER (OMAHA, NE)','2617 S 156th CIRCLE','','OMAHA','NE','68130','402-501-8953 FAX# 345-2279',NULL,'ATTN: A/P DEPT'),(619,6067,'SCHENKER (ORD)','1800 NICHOLAS BLVD.','','ELK GROVE VILLAGE','IL','60007-5903','ATTN: ACCT. PAYABLE',NULL,'ATTN: ACCT. PAYABLE'),(620,6067,'SCHENKER (PHL)','3501 ISLAND AVENUE','','PHILADELPHIA','PA','19153','215-921-7664 FAX# 7789',NULL,'ATTN: A/P DEPT'),(621,6067,'SCHENKER (SAN FRANCISCO)','380 LITTLEFIELD AVE','','SO SAN FRANCISCO','CA','94080','415-871-0375',NULL,'ELAINE/TONY - ACCOUNTS PAYABLE'),(622,6067,'SCHENKER (SEA)','8201 PERIMETER ROAD SOUTH','','SEATLE','WA','98108','206-403-4712 FAX#4714',NULL,'ATTN: ACCT. PAYABLE'),(623,6067,'SCHENKER (STINNES/DFW)','600 E. DALLAS RD SUITE# 100','','DALLAS','TX','76051','817-329-0050 FAX 817-488-7501',NULL,'ACCOUNTS PAYABLE'),(624,6067,'SCHENKER (STL)','4477 WOODSON ROAD #140','','ST. LOUIS','MO','63134','314-427-6900 FAX# 0545',NULL,'ATTN: ACCT. PAYABLE'),(625,6067,'SCHENKER (SYRACUSE NY)','5858 EAST MALLOY RD STE 150','','SYRACUSE','NY','13211','315-455-7671 FAX 315-455-7673',NULL,'ACCOUNTS PAYABLE'),(626,6067,'SCHENKER (UTAH)','3760 WEST 2400 SOUTH STE #C','','WEST VALLEY CITY','UT','84120','801-364-9393 FAX 801-364-9333',NULL,'RHONDA BASTIEN'),(627,6067,'SCHENKER (WISCONSIN)','330 E MAHN COURT','','OAK CREEK','WI','53154','CRYSTAL 414-574-2398',NULL,'CRYSTAL 414-574-2398'),(628,6068,'SCHNEIDER FREIGHT USA. INC ','145 HOOK CREEK BLVD BLDG#C1(G)','','VALLEY STREAM','NY','11581','516-256-1600 FAX# 0056',NULL,'ATTN: A/P DEPT'),(629,6069,'SCHNEIDER LOGISTICS (CA)','2719 KURTZ STREET (STE# E)','','SAN DIEGO','CA','92110','619-291-1115 FAX#920-403-8305',NULL,'ATTN: STEVE DE MOE'),(630,6070,'SCHWABEN EXPRESS, INC. ','145 HOOK CREEK BLVD (# C5C)','','VALLEY STREAM','NY','11581','516-593-3250 FAX#3289',NULL,'ATTN: TERESA A/P'),(631,6071,'SCR AIR SERVICES, INC. ','P.O. BOX 68671','','SEATTLE','WA','98163','206-241-2083 FAX 206-241-7599',NULL,'ACCOUNTS PAYABLE DEPT'),(632,6072,'SDV (ATL)','4345 INT\'L PKWY (STE# 120)','','HAPEVILLE','GA','30354','404-366-7722 FAX# 3610509',NULL,'ATTN: A/P DEPT'),(633,6072,'SDV (CLE)','18665 SHELDON ROAD','','MIDDLEBURG HEIGHTS','OH','44130','216-267-7600',NULL,'ATTN: LOUISE SMITH'),(634,6072,'SDV (EWR)','160 CHUBB AVENUE (#306)','','LYNDHURST','NJ','07071','201-636-5970 FAX# 5971',NULL,'ATTN: A/P DEPT'),(635,6072,'SDV (JFK)','150-10 132ND AVENUE','','JAMAICA','NY','11434','718-525-8100 FAX# 718-525-8425',NULL,'ACCT. PAYABLE / MICHAEL'),(636,6072,'SDV (LAX)','19630 PACIFIC GATEWAY DRIVE','','TORRANCE','CA','90502','310 695 2625',NULL,'310 695 2625'),(637,6072,'SDV (SFO)','415 E. GRAND AVE (#201)','','SO. SAN FRANCISCO','CA','94080-6208','650-871-2233 FAX# 742-9317',NULL,'A/P DEPT.'),(638,6072,'SDV (VIRGINIA)','44645 GUILFORD DR. 211-212','','ASHBURN','VA','20147','703-729-5800 FAX 2960',NULL,'ACCTS PAYABLE'),(639,6073,'SDV USA (DEN)','4755 PARIS STREET STE 150','','DENVER','CO','80239','303-375-9812 FAX 373-5216',NULL,'ACCOUNTS PAYABLE'),(640,6073,'SDV USA (ORD)','10700 Waveland Ave','','Franklin Park','IL','60131','847-228-1739  FAX# 290-0952',NULL,'ATTN: A/P DEPT'),(641,6074,'SEAJET (BOSTON)','46 ARLINGTON ST','','CHELSEA','MA','02150','6178840991-6636810',NULL,'ATTN MARIE RINFRET'),(642,6074,'SEAJET (EXPRESS)','COKESBURY ROAD INDUSTRIAL PARK','','LEBANON','NJ','08833','24 COKESBURY RD. (SUITE# 20)',NULL,'908-236-2259 FAX# 6592'),(643,6075,'SEKO WORLDWIDE ','147-80 181st STREET','','JAMAICA','NY','11413','516-256-2400 FAX# 718-301-4084',NULL,'ATTN: ACCT. PAYABLE'),(644,6075,'SEKO WORLDWIDE (SUITE# 600)','1100 ARLINGTON HEIGHTS ROAD','','ITASCA','IL','60143','630-919-4800 FAX# 773-4215',NULL,'ATTN: ACCT. PAYABLE'),(645,6076,'SELECT TRANSPORTATION ','PO BOX AD','','RAHWAY','NJ','07065','201-222-0267 FAX# 659-0980',NULL,'DIANA'),(646,6076,'SELECT TRANSPORTATION (15002)','PO BOX 1254','','RAHWAY','NJ','07065','201-222-0267 FAX# 659-0980',NULL,'EVELYN'),(647,6077,'SENATOR INT\'L (ATL)','5148 KENNEDY ROAD (SUITE# 700)','','ATLANTA','GA','30297','800-342-2909 FAX 404-460-1519',NULL,'DONAVIN 305-718-4470'),(648,6077,'SENATOR INT\'L (ORD)','1469 HAMILTON PARKWAY','','ITASCA','IL','60143','630-625-1001 FAX 625-1012',NULL,'ATTN RYAN KEMPF'),(649,6078,'SENTRY AEROSPACE CORP. ','708 GINESI DRIVE','','MORGANVILLE','NJ','07751','732-617-8225 FAX# 8233',NULL,'ATTN: MICHAEL HAHN OR A/P DEPT'),(650,6079,'SERVICE BY AIR ','22 LAWRENCE LANE','','LAWRENCE','NY','11559','516-239-0241 FAX 371-9011',NULL,'JOE V. C=201-233-4392'),(651,6080,'SERVICE SHIPPING, INC. ','1550 E. HIGGINS RD. (STE# 108)','','ELK GROVE VILLAGE','IL','60007','847-427-1775 FAX# 1790',NULL,'ATTN: BILL MARSTON'),(652,6081,'SETON COMPANY ','135 HORTON DRIVE','','SAXTON','PA','16678','814-635-2937',NULL,'ATTN: ACCT. PAYABLE'),(653,6082,'SFO EXPRESS ','P.O. BOX 2352','','S. SAN FRANCISCO','CA','94083','650-866-4703 FAX# 4723',NULL,'ATTN: EVGENI'),(654,6083,'SHANAHAN TRANSPORT SYSTEMS, IN ','P.O. BOX 18799','','PITTSBURGH','PA','15236-0799','412-882-8597 FAX# 6000',NULL,'ATTN: DAVID ALTARES'),(655,6084,'SHAW LOGISTICS, LLC ','6 MITCHELL PLACE','','GLEN RIDGE','NJ','07028','973 744 1826',NULL,'973 744 1826'),(656,6085,'SHEA TRUCKING ','1600 NEW HIGHWAY','','FARMINGDALE','NY','11735','631-756 7150',NULL,'CHRIS'),(657,6086,'SHIPPING INTERNATIONAL ','17721 HWY 59 NORTH','','HUMBLE','TX','77396','281-540-7447 FAX# 7455',NULL,'ATTN: SHERI'),(658,6087,'SIMPLE FREIGHT SOLUTIONS ','840 Lincoln Ave. Ste. 5','','Bohemia','NY','11716','718 723 2065',NULL,'ATTN: PATRICK'),(659,6088,'SINO LION, LTD ','11 MELANIE LANE (STE# 4A)','','EAST HANOVER','NJ','07936','973-887-8886 FAX# 820-7168',NULL,'ATTN: EMILY OR A/P DEPT'),(660,6089,'SKY 2 C FREIGHT SYSTEMS ','4221 BUSINESS CENTER DR. #5&6','','FREMONT','CA','94538','800 353 5128',NULL,'ATTN: ACCT. PAYABLE'),(661,6090,'SKY KING/MSAS ','669 DIVISION STREET','','ELIZABETH','NJ','07206','908-820-5910 FAX 908-820-5917',NULL,'ACCOUNTS PAYABLE'),(662,6091,'SKYLINE FREIGHT INC. ','6414 WINDY STREET','','LAS VEGAS','NV','89119','702-307-3773 FAX#3778',NULL,'ATTN: YOLANDA'),(663,6092,'SKYLINK GLOBAL LOGISITICS, INC ','ONE INDUSTRIAL PLAZA (BLDG# C)','','VALLEY STREAM','NY','11581','516-823-0880 FAX 516-823-0029',NULL,'ATTN: GENE'),(664,6093,'SKYVIEW LOGISTICS ','41 SKYVIEW TERRACE','','CLIFTON','NJ','07013','973-742-3849 FAX# 3850',NULL,'ATTN: GARY SCHWARTZ'),(665,6094,'SMB LOGISTICS ','970 NEW BRUNSWICK AVE.','','RAHWAY','NJ','07065','',NULL,''),(666,6094,'SMB LOGISTICS  (B)','3 RIDGEFIELD PLACE','','WOODBRIDGE','NJ','07095','732-634-8484 FAX# 6020943',NULL,'ATTN: MIKE'),(667,6095,'SNATT USA INC ','500 OCEAN AVE','','EAST ROCKAWAY','NY','11518','516 599 2271 FAX# 7418',NULL,'ATTN: PATTY GILMARTIN'),(668,6096,'SNS SERVICES ','1320 WEST BLANKE STREET','','LINDEN','NJ','07036','908-862-5700 FAX 908-862-5706',NULL,'ACCOUNTS PAYABLE DEPT'),(669,6097,'SOLENT FREIGHT SERVICES ','150-30 132nd AVE (#205)','','JAMAICA','NY','11434','718-553-6640 FAX# 6650',NULL,'A/P DEPT.'),(670,6098,'SPECIALTY FREIGHT SERVICES INC ','2 POULSON AVE','','ESSINGTON','PA','19029','800-593-6114 FAX 610-521-7655',NULL,'ACCOUNTS PAYABLE DEPT'),(671,6099,'SPECTRAN / MITCHELL AIR ','2250 EAST DEVON AVE','','ELK GROVE','IL','60007','800-323-1595 FAX 708-640-7088',NULL,'ALICE - ACCOUNTS PAYABLE DEPT'),(672,6100,'SPEEDMARK (JFK, STE#270)','230-59 INTL AIRPORT CTR BLVD','','SPRINGFIELD GARDENS','NY','11413','718-807-0008 FAX# 0007',NULL,'A/P DEPT'),(673,6100,'SPEEDMARK (ORD)','821 BUSSE ROAD','','ELK GROVE VILLAGE','IL','60007','718-826-6161 FAX 718-806-6165',NULL,'ACCOUNTS PAYABLE DEPT'),(674,6101,'SPEEDWAY ','230-59 INT\'L CTR BLVD #270','','SPRINGFIELD GARDENS','NY','11434','718-807-0008 FAX# 0007',NULL,'ACCOUNTS PAYABLE DEPT'),(675,6102,'SPEX CERTIPREP/U.S.A. - METUCH ','203 NORCROSS AVENUE','','METUCHEN','NJ','08840','732-549-7144',NULL,'ACCOUNTS PAYABLE'),(676,6103,'SPIRENT COMMUNICATIONS ','541 INDUSTRIAL WAY WEST','','EATONTOWN','NJ','07724','732-578-2449 FAX# 544-8347',NULL,'ATTN: SHARON DELANEY'),(677,6104,'SQ UNLIMITED TRANS. SERVICES ','1040 INDUSTRY DR','','SEATTLE','WA','98188','206-575-2753 FAX 206-575-2880',NULL,'ATTN: RENEE EASTBURN'),(678,6105,'STARLAX INTERNATIONAL INC. ','177-25 ROCKAWAY BLVD (# 208)','','JAMAICA','NY','11434','718-995-9496 FAX# 228-9253',NULL,'ATTN: A/P'),(679,6106,'STEPHEN GOULD CORP ','35 SOUTH JEFFERSON ROAD','','WHIPPANY','NJ','07981','JANICE SCHAFER  973 428 1510',NULL,'JANICE SCHAFER  973 428 1510'),(680,6107,'STERLING CHB ','190 JAMES STREET','','FRANKLIN SQUARE','NY','11010','516-216-1900',NULL,'PETER STERLING'),(681,6108,'STONEPATH LOGISTICS ','45070 OLD OX RD STE 100','','STERLING','VA','20166','800-627-9777 FAX 703-834-9047',NULL,'ACCOUNTS PAYABLE DEPT'),(682,6109,'STRAIGHTWAY INC. ','P.O. BOX 74068','','ROMULUS','MI','48174-0068','734-710-9400',NULL,'ATTN: ACCT. PAYABLE'),(683,6110,'STRIVE LOGISITCS ','3008 n. lincoln ave','','CHICAGO','IL','60657','866-787-4831 FAX# 773-342-5585',NULL,'ATTN: JOHN-A/P'),(684,6111,'SURFSIDE FREIGHT FWD, INC ','630 WEST HUDSON STREET','','LONG BEACH','NY','11561','516-792-3155 FAX# 3156',NULL,'ATTN: JOANN VEISS'),(685,6112,'SWINGLINE MGMT. SERVICES ','147-06 176th STREET','','JAMAICA','NY','11434','718-995-3700 FAX# 3300',NULL,'ATTN: ACCT. PAYABLE'),(686,6113,'SYMRISE INC ','180 INDUSTRIAL PKWY','','BRANCHBURG','NJ','08876','908-429-6911',NULL,'ACCTS PAYABLE/ROSE DAHL'),(687,6114,'SYNERGY LOGISTICS ','225 LONG AVE','','HILLSIDE','NJ','07205','888-426-4200 FAX 973-391-1130',NULL,'ACCOUNTS PAYABLE DEPT'),(688,6115,'T&T CARGO SERVICES INC ','PO BOX 37142 AIRPORT STA','','SAN JUAN','PR','00937-0142','800-288-5359 FAX 787-791-5813',NULL,'ACCOUNTS PAYABLE'),(689,6116,'T.D.C. USA, INC. ','1275 VALLEYBROOK AVE.','','LYNDHURST','NJ','07071','201 935 7003',NULL,'201 935 7003'),(690,6117,'TAGGART INT\'L, LTD ','1350 MICHAEL DR. STE.D','','WOODDALE','IL','60191','630 405 2240',NULL,'A/P DEPT'),(691,6118,'TARRASERVICES ','123 SOUTH AVE. EAST','','WESTFIELD','NJ','07090','908 789 3600',NULL,'908 789 3600'),(692,6119,'TAZMANIAN FREIGHT ','1065 TEXAN TRAIL STE.150','','GRAPEVINE','TX','76051','888 820 1599',NULL,'888 820 1599'),(693,6120,'TEAM AIR EXPRESS ','P.O. BOX 668','','WINNSBORO','TX','75494','800-527-1168 FAX 903-342-5431',NULL,'ROBBIE HOLT/MARCA - ACCTS PAY'),(694,6121,'TELEPARTS ','556 COMMERCE STREET','','FRANKLIN LAKES','NJ','07417','201-677-1115 FAX# 1116',NULL,'ACCOUNTS PAYABLE DEPT'),(695,6122,'THE ATLANTIC CONNECTION. ','363 MONROE AVE','','KENILWORTH','NJ','07033','908-931-1140  FAX 908-931-1199',NULL,'PATRICK'),(696,6123,'THE MAKO GROUP ','1 LENOX AVENUE','','FARMINGDALE','NY','11735','631-880-3396',NULL,'ATTN: SHARON SANDLER'),(697,6124,'TIFA INT\'L LLC ','109 STRYKER LANE BLG 3','','HILLSBOROUGH','NJ','08844','UNITS 4 AND 5',NULL,'908-829-3230 FAX 3240'),(698,6125,'TIGERS GLOBAL ','23651 OVERLAND DRIVE','','STERLING','VA','20166','703 661 4230',NULL,'703 661 4230'),(699,6125,'TIGERS GLOBAL (MONROE)','20 MIDDLESEX AVE.','','MONROE NJ','NJ','08831','SHIREE 609 655 4691',NULL,'SHIREE 609 655 4691'),(700,6126,'TIGERS USA GLOBAL LOG. ','ONE CROSS ISLAND PLAZA (#LL6)','','ROSEDALE','NY','11422','516-825-4774 FAX# 4117',NULL,'ATTN: A/P DEPT'),(701,6127,'TITAN SERVICES ','PO BOX 2719','','GRAPEVINE','TX','76099','817-552-8000 FAX 8006',NULL,'ACCTS PAYABLE'),(702,6128,'TNT FREIGHT MNGT. ','144-30 157th STREET','','JAMAICA','NY','11434','ATTN: ACCT. PAYABLE',NULL,'ATTN: ACCT. PAYABLE'),(703,6129,'TOTAL TRANS (JFK)','145  HOOK CREEK BLVD','','VALLEY STREAM','NY','11581','516-872-3800 FAX 3840',NULL,'ATTN: SHERMAN A/P DEPT.'),(704,6129,'TOTAL TRANS (LAX)','8728 AVIATION BLVD.','','INGLEWOOD','CA','90301','310-337-0515 FAX# 7901',NULL,'ATTN: ACCT. PAYABLE'),(705,6130,'TRANS FREIGHT ','440 RT. 17 NORTH  SUITE 3B','','HASBROUCK HEIGTHS','NJ','07604','201 727 9733',NULL,'201 727 9733'),(706,6130,'TRANS FREIGHT  (B)','420 DOUGHTY BLVD.  2ND FLOOR','','INWOOD','NY','11096','516 881 2020',NULL,'516 881 2020'),(707,6131,'TRANS FREIGHT SERVICES ','147-29 182nd ST.','','JAMAICA','NY','11413','718-995-3833 (FAX# 3834)',NULL,'ATTN: ACCT. PAYABLE'),(708,6132,'TRANS-PAK INC. ','1500 Duane Avenue','','Santa Clara','CA','95054','408 418-1947  F:650 873-5639',NULL,'ATTN: A/P DEPT'),(709,6133,'TRANSBORDER AIR CARGO ','152-65 ROCKAWAY BLVD','','JAMAICA','NY','11434','718-723-2323 FAX# 4106',NULL,'ATTN: VIC PERSAUD'),(710,6134,'TRANSCO PRODUCTS CORP ','PO BOX 28 / 609 W ELIZABETH AV','','LINDEN','NJ','07036','908-862-0030',NULL,'ACCOUNTS PAYABLE DEPT'),(711,6135,'TRANSGROUP/TRANSFAIR (DOM)','P.O. BOX 69207','','SEATTLE','WA','98168','888-312-7400 FAX 908-686-2222',NULL,'PATTY (800)221-0715'),(712,6135,'TRANSGROUP/TRANSFAIR (INTL)','P.O. BOX 69207','','SEATTLE','WA','98168','EWR 888-312-7400 908-686-2222',NULL,'PATTY (800)221-0715'),(713,6136,'TRANSWAY FREIGHT SYSTEMS ','41 SYLVAN AVENUE','','ENGLEWOOD CLIFFS','NJ','07632','201-461-0431 FAX# 725-9674',NULL,'ATTN: A/P DEPT'),(714,6137,'TRANSWORLD FREIGHT SYSTEMS, IN ','146-92 GUY R. BREWER BLVD','','JAMAICA','NY','11434','718-917-8610 FAX# 8302',NULL,'ATTN: A/P'),(715,6138,'TRIPLE \"B\" FORWARDERS INC ','1511 GLENN CURTISS STREET','','CARSON','CA','90746','310-604-5840 FAX# 8551',NULL,''),(716,6139,'TRUMP CARD ','11 MAREBLU, SUITE# 110A','','ALISO VIEJO','CA','92656','760-431-3107 FAX# 3119',NULL,'ATTN: TIFFANIE'),(717,6140,'UNION TRANSPORT (ATL)','3717 WILSON ROAD SE (#100)','','ATLANTA','GA','30354','404-669-3264 FAX# 3268',NULL,'ATTN: A/P DEPT.'),(718,6140,'UNION TRANSPORT (BOSTON)','20 COMMERCE WAY','','WOBURN','MA','01801','FAX 781-281 3201',NULL,'ACCTS PAYABLE 781-281-3123'),(719,6140,'UNION TRANSPORT (CHARLOTTE)','3800 Arco Corp. Dr. Ste.550','','CHARLOTTE','NC','28273','704-357-9722 FAX 9717',NULL,'ATTN: JODY SWABLE'),(720,6140,'UNION TRANSPORT (CVG)','2900 EARHART COURT (#255)','','HEBRON','KY','41048','859-746-2216 FAX 3518',NULL,'ATTN: ACCT. PAYABLE'),(721,6140,'UNION TRANSPORT (DENVER)','12050 E. 45TH AVE STE 400','','DENVER','CO','80239','303-373-9669 FAX 0593',NULL,'ATTN: ACCTS PAYABLE/CARRIE'),(722,6140,'UNION TRANSPORT (DTW)','27651 HILDEBRANDT  STE 100','','ROMULUS','MI','48174','734-946-3400 FAX 734-947-9599',NULL,'ATTN: ACCOUNTS PAYABLE'),(723,6140,'UNION TRANSPORT (FOLCROFT PA)','850 CALCON HOOK RD','','SHARON HILL','PA','19079','ALEXANDER COURT 1',NULL,'610-532-0921 FAX# 3919'),(724,6140,'UNION TRANSPORT (GREENVILLE)','70001 PELHAM RD STE C','','GREENVILLE','SC','29602-0648','864-254-5011 FAX 949-221-3569',NULL,'ACCTS PAY./KRISTIE BAKER'),(725,6140,'UNION TRANSPORT (HOUSTON)','18951 KENSWICK DR STE 100','','HUMBLE','TX','77338','281-359-9831 FAX 9802',NULL,'KATHRYN STAID'),(726,6140,'UNION TRANSPORT (LAX)','21023 MAIN STREET STE D','','CARSON','CA','90743','310-783-5020 FAX 787-8184',NULL,'ATTN ESTELLA CASTRO'),(727,6140,'UNION TRANSPORT (MSP)','2700 BLUE WATER RD STE. 300','','EAGAN','MS','55121','651-454-0300 FAX 0066',NULL,'ATTN. ROBIN'),(728,6140,'UNION TRANSPORT (NO CAROLINA)','598 AIRPORT BLVD ST 1200','','MORRISVILLE','NC','27560','919-840-9111 FAX 8060',NULL,'ACCOUNTS PAYABLE'),(729,6140,'UNION TRANSPORT (OHIO)','6909 ENGLE RD STE 1114','','MIDDLEBURG HEIGHTS','OH','44130','440-243-8880 FAX 8898',NULL,'ATTN JACQUI SCHECKEL'),(730,6140,'UNION TRANSPORT (ORD)','825 ARTHUR AVE','','ELK GROVE','IL','60007','847-357-1850 FAX 9321',NULL,'ATTN MICHELLE FREDE'),(731,6140,'UNION TRANSPORT (REG JFK)','147-04 183RD STREET','','SPRINGFIELD GARDENS','NY','11413','718-244-2100 FAX 718-244-2130',NULL,'ATTN: ACCT. PAYABLE'),(732,6140,'UNION TRANSPORT (S.SFO)','573 FORBES BLVD','','SO SAN FRANCISCO','CA','94080','650-588-9477 FAX 2151',NULL,'ACCOUNTS PAYABLE'),(733,6140,'UNION TRANSPORT (SEA)','835 S 192ND STREET STE 800','','SEATAC','WA','98148','206-870-8869 FAX 592-8268',NULL,'ROSS COLMAN/LOGISTICS'),(734,6140,'UNION TRANSPORT (TAMPA)','5505 JOHNS ROAD STE 710','','TAMPA','FL','33634','813-880-9339 FAX 813-880-9529',NULL,'ATTN: DAWN FARRIS'),(735,6140,'UNION TRANSPORT (TEXAS)','15734 LEE ROAD','','HOUSTON','TX','77032','281-441-9115',NULL,'ACCOUNTS PAYABLE DEPT'),(736,6140,'UNION TRANSPORT (VIRGINIA)','22660 EXECUTIVE DR STE 113','','STERLING','VA','20166','703-709-5662 FAX 6096',NULL,'ATTN: ACCT. PAYABLE'),(737,6141,'UNIQUE SYSTEMS, INC. ','4 SADDLE ROAD','','CEDAR KNOLLS','NJ','07927-1998','973-455-0440 FAX# 7214',NULL,'ATTN: ACCT. PAYABLE'),(738,6142,'UNIVERSAL LOGISTICS ','2500 W.Higgins Rd. #140','','Hoffman Estates','IL','60169','847 490 8811',NULL,'847 490 8811'),(739,6143,'US CARGO, INC. ','221 SHERIDAN BLVD','','INWOOD','NY','11096','718-673-6165 FAX# 6166',NULL,'ATTN: A/P DEPT'),(740,6144,'US WORLDWIDE ','2750 EARHART COURT','','HEBRON','KY','41048','859 525 7477',NULL,'859 525 7477'),(741,6145,'UT FREIGHT SERVICE LTD ','161-15 ROCKAWAY BLVD/ROOM 219','','JAMAICA','NY','11434','718-656-6638 FAX 718-712-5059',NULL,'ACCOUNTS PAYABLE DEPT'),(742,6146,'UTC OVERSEAS ','645 INDIAN ST. STE. 215','','SAVANNAH','GA','31401','RUTHIE 912 233 7433',NULL,'RUTHIE 912 233 7433'),(743,6146,'UTC OVERSEAS (CLE STATION)','6779 ENGLE ROAD (STE# O)','','MIDDLEBURG HEIGHTS','OH','44130','440-234-5200 FAX# 5468',NULL,'ATTN: ACCT. PAYABLE'),(744,6146,'UTC OVERSEAS (IAH)','2 NORTHPOINT DRIVE STE.200','','HOUSTON','TX','77060','713 869 9939',NULL,'713 869 9939'),(745,6146,'UTC OVERSEAS (MIA)','8200 NW 33 ST. Ste 105','','MIAMI','FL','33122','305 594 7044',NULL,'ATTN: ACCT. PAYABLE'),(746,6146,'UTC OVERSEAS (ORD)','2526 LIVELY BLVD.','','ELK GROVE VILLAGE','IL','60007','847-364-2461 FAX# 2463',NULL,'ATTN: A/P DEPT.'),(747,6147,'UTC-OVERSEAS (NJ)','100 LIGHTNING WAY STE 4000','','SECAUCUS','NJ','07094','201-558-9200 FAX 1180',NULL,'ATTN ACCOUNTS PAYABLE'),(748,6147,'UTC-OVERSEAS (NY)','420 DOUGHTY BLVD.','','INWOOD NY','NY','11096','516-239-7901',NULL,'ATTN: ACCT. PAYABLE'),(749,6148,'UTI ','860 BLUE GENTIAN RD STE 295','','EAGAN','MN','55121','651 454 0300',NULL,'651 454 0300'),(750,6148,'UTI (BWI)','6610-B TRIBUTARY STREET (#305)','','BALTIMORE','MD','21224','410-631-7225 FAX# 7225',NULL,'ATTN: JOANNE JOHNSON'),(751,6148,'UTI (DULLES VA)','23700 PEBBLERUN PLACE  STE.100','','DULLES','VA','20166','FAX 0466',NULL,'703 661 8883'),(752,6148,'UTI (EDISON NJ)','SITE 3318 /AE /PUD','220 Mill Road','EDISON','NJ','08817','732-932-8600',NULL,'JOE ACOSTA'),(753,6148,'UTI (ISRAEL DEPT.)','230-39 INT\'L AIRPORT CTR BLVD','','SPRINGFIELD GARDENS','NY','11413','STE# 1000, DOORS 18-22',NULL,'516-394-6200 A/P DEPT.'),(754,6148,'UTI (MEDFORD, OR)','PO BOX 1147','','MEDFORD','OR','97501','3525 EXCEL DR',NULL,'877-524-9140 FAX#2270912'),(756,6148,'UTI (SPRINGFIELD GARDENS)','23039 Intl. Airport Center Blv','','Springfield Gardens','NY','11413','FAX 516 394 6498 FRAN',NULL,'516 394 6200'),(757,6148,'UTI (WISCONSIN)','5000 W. ASHLAND WAY','','FRANKLIN','WI','53132','414 423 5370 X 234 FAX 0191',NULL,'ROBERT CULVER'),(758,6149,'WEISS-ROHLIG ','601 HANOVER DR. STE.650','','GRAPEVINE','TX','76051','817 421 4000',NULL,'817 421 4000'),(759,6150,'WELLSTON FREIGHT INC. ','175-01 ROCKAWAY BLVD (#238)','','JAMAICA','NY','11434','718-656-8928 FAX# 8939',NULL,'ATTN: A/P DEPT'),(760,6151,'WESTERN OVERSEAS CORP. ','65 Roosevelt Ave. Ste.205','','Valley Stream','NY','11581','516 837 5017',NULL,'516 837 5017'),(761,6152,'WORLD TRADE TRANSPORT OF VA ','22 EXPORT DRIVE','','STERLING','VA','20164','800-918-9888 FAX 703-450-4002',NULL,'SARAH - ACCOUNTS PAYABLE'),(762,6153,'WORLDWIDE ','2 JOHNSON ROAD','','LAWRENCE','NY','11559','516 371 2300',NULL,'516 371 2300'),(763,6154,'WORLDWIDE LOGISTICS ','10532 Walker St. Unit D','','Cypress','Ca','90630','714 527 8540',NULL,'714 527 8540'),(764,6154,'WORLDWIDE LOGISTICS (USA)','25 E SPRING VALLEY AVE.(#205)','','MAYWOOD','NJ','07607','201-556-0909 FAX# 1331',NULL,'ATTN: MARIA / LISA (A/P)'),(765,6155,'WORTHMORE FORWARDING ','175-11 148TH AVENUE','','JAMAICA','NY','11434','718-656-7300 FAX 718-656-7310',NULL,'ATTN: ACCT. PAYABLE'),(766,6156,'YICHENG LOGISTICS INC. ','1641 W. MAIN ST. STE. 418','','ALHAMBRA','CA','91801','626 281 6833',NULL,'626 281 6833');
/*!40000 ALTER TABLE `client_stations` ENABLE KEYS */;
UNLOCK TABLES;

--
-- Table structure for table `clients`
--

DROP TABLE IF EXISTS `clients`;
/*!40101 SET @saved_cs_client     = @@character_set_client */;
/*!40101 SET character_set_client = utf8 */;
CREATE TABLE `clients` (
  `id` int(11) NOT NULL AUTO_INCREMENT,
  `name` varchar(256) COLLATE utf8_bin NOT NULL,
  PRIMARY KEY (`id`)
) ENGINE=InnoDB AUTO_INCREMENT=6166 DEFAULT CHARSET=utf8 COLLATE=utf8_bin;
/*!40101 SET character_set_client = @saved_cs_client */;

--
-- Dumping data for table `clients`
--

LOCK TABLES `clients` WRITE;
/*!40000 ALTER TABLE `clients` DISABLE KEYS */;
INSERT INTO `clients` VALUES (5560,'20 CUBE LOGISTICS'),(5561,'A PLUS INT\'L USA, INC.'),(5562,'A+F'),(5563,'A.I.F. COMPANY'),(5564,'A.N. DERINGER INC'),(5565,'A.O.T.'),(5566,'ACTIVEAIR'),(5567,'AEROSPHERES'),(5568,'AIR POWER INT\'L EXPRESS'),(5569,'AIR SEA'),(5570,'AIR TIGER EXPRESS/ATE GROUP'),(5571,'ALBA TRANS INC.'),(5572,'ALBA WHEELS UP INT\'L'),(5573,'ALG WORLDWIDE LOG.'),(5574,'ALISON TRANSPORT'),(5575,'AMBER WORLDWIDE'),(5576,'AMERICAN CARGO EXPRESS'),(5577,'AMERICAN INT\'L TRANS, INC'),(5578,'AMERICAN RIVER LOGISTICS'),(5579,'AMI'),(5580,'ANA LINK, LTD.'),(5581,'APEX LOGISTICS'),(5582,'ARAMEX INT\'L'),(5583,'ARIES'),(5584,'ARIES GLOBAL'),(5585,'ARIES GLOBAL LOGISTICS'),(5586,'ASI FORWARDING'),(5587,'ASSOC.GLOBAL SYSTEMS'),(5588,'B&B DISTRIBUTION'),(5589,'B&W FOODS, LLC'),(5590,'BARNEYS NEW YORK'),(5591,'BARTHCO'),(5592,'BAYLINK SHIPPING'),(5593,'BDP INTERNATIONAL/PHL'),(5594,'BDP/REVLON ACCOUNT'),(5595,'BEC GLOBAL'),(5596,'BERKLAY AIR SERVICE'),(5597,'BGI WORLDWIDE LOGISTICS'),(5598,'BILGREY'),(5599,'BLU LOGISTICS'),(5600,'BLUE CARGO GROUP, LLC'),(5601,'BLUE SKY'),(5602,'BLUE THUNDER'),(5603,'BLUE WATER SHIPPING'),(5604,'BNS'),(5605,'BNX SHIPPING INC.'),(5606,'BOVA FOOD DIST., INC'),(5607,'BRENNAN INT\'L'),(5608,'BRUZZONE SHIPPING'),(5609,'BTX AIR EXPRESS'),(5610,'C. WITHINGTON CO., INC'),(5611,'C.C.B. INT\'L INC.'),(5612,'C.H. ROBINSON WORLDWIDE'),(5613,'CADIE PRODUCTS'),(5614,'CAF WORLDWIDE INC.'),(5615,'CALI AMERICA INC.'),(5616,'CALI AMERICA LOG.'),(5617,'CAMBRIA MACK'),(5618,'CAMEO SERVICES'),(5619,'CANADA WORLDWIDE SERVICES'),(5620,'CAP LOGISTICS'),(5621,'CAPRI AROMATICS US, INC'),(5622,'CARE TRANSPORTATION SVCS. LTD.'),(5623,'CARGO ALLIANCE INC.'),(5624,'CARGO EXPRESS'),(5625,'CARGO LOGISTICS GROUP INC.'),(5626,'CARGO MAXX SYSTEMS INC'),(5627,'CARGO MOVEMENT'),(5628,'CARGO PLUS INC'),(5629,'CARGO SERVICES OF NEW YORK'),(5630,'CARGO TOURS'),(5631,'CARO TRANS'),(5632,'CASETH LOGISTICS'),(5633,'CAVALIER INTL PU'),(5634,'CENTURY TRANSPORTATION'),(5635,'CH ROBINSON'),(5636,'CHALLENGER'),(5637,'CHEMLOGIX GLOBAL'),(5638,'CHICAGO EXPRESS INT\'L, INC.'),(5639,'CHINA INTEROCEAN/SINO'),(5640,'CHINA SHIPPING N.A. INC'),(5641,'CIRCLE INTERNATIONAL'),(5642,'CLARK WORLDWIDE'),(5643,'CLARK WORLDWIDE TRANSPORTATION'),(5644,'CLEAR FREIGHT'),(5645,'CLINICALLY FIT INC.'),(5646,'CLN'),(5647,'CMA-CGM'),(5648,'CNI - CERAMIC NOZZLES INC.'),(5649,'COAST-TO-COAST LOGISTICS'),(5650,'COLUMBIA SHIPPING'),(5651,'COMBINED LOGISTICS'),(5652,'COMPASS FORWARDING CO.'),(5653,'COMPONENT HARDWARE'),(5654,'CONCORD EXPRESS W.W.'),(5655,'CONCORDIA'),(5656,'CONFIRMED FREIGHT'),(5657,'CONI-SEAL C/O FREIGHT PAYMENTS'),(5658,'CONSOLIDATED TRANS SERVICE INC'),(5659,'CONSOLIDATORS'),(5660,'COPPERSMITH GLOBAL LOG.'),(5661,'CORDARO SHIPPING'),(5662,'CORETEC MINING WORK, INC'),(5663,'CORNELL GROUP INT\'L'),(5664,'CORPORATE MESSENGERS WORLWIDE'),(5665,'CORRIGAN\'S / CONSOLIDATORS'),(5666,'COSMO FREIGHT SOLUTIONS, INC.'),(5667,'COUGAR EXPRESS'),(5668,'CRANE WORLDWIDE'),(5669,'CROWN ROLL LEAF'),(5670,'CTS SUPPLY CHAIN SOLUTIONS'),(5671,'CWDS, INC'),(5672,'D B SCHENKER'),(5673,'D&D MESSENGER SERVICE'),(5674,'D&W MILLENNIUM FREIGHT SYSTEMS'),(5675,'D.T.  GRUELLE COMPANY'),(5676,'DACHSER TRANSPORT'),(5677,'DAMASCUS BAKERY'),(5678,'DAMCO'),(5679,'DAMCO USA INC'),(5680,'DANTEC DYNAMICS INC.'),(5681,'DANZAS'),(5682,'DARTRANS'),(5683,'DATA DISPLAY SYSTEMS'),(5684,'DATASCOPE CORP/MAHWAH'),(5685,'DB SCHENKER'),(5686,'DBA'),(5687,'DE STEFANO FOODS'),(5688,'DE WELL CONTAINER SHIPPING'),(5689,'DÉCOR MOLDING'),(5690,'DEDOLA  INTL.'),(5691,'DELCO CUSTOMS & LOGISTICS, LLC'),(5692,'DELMAR INTERNATIONAL'),(5693,'DERBY LOGISTICS'),(5694,'DESIGN AND MOLDING SERVICES'),(5695,'DESIGN TRANSPORTATION'),(5696,'DETER LOG STREAMLINE S&A'),(5697,'DHL / DANZAS'),(5698,'DHL GLOBAL'),(5699,'DHL GLOBAL FWD'),(5700,'DIAMOND FORWARDING'),(5701,'DIMERCO EXPRESS'),(5702,'DIRECT + BEYOND, INC.'),(5703,'DIRECT AIR SERVICE, INC'),(5704,'DMK GLOBAL MARKETING'),(5705,'DMK INTL.'),(5706,'DNL TRANSPORTATION SERVICES'),(5707,'DREW INT\'L FREIGHT FORWARDING'),(5708,'DYNA EXPRESS INC'),(5709,'DYNAMIC SHIPPING'),(5710,'DYNASTY EXPRESS'),(5711,'DYNASTY INT\'L FORWARDING, INC.'),(5712,'E FREIGHT SOLUTIONS'),(5713,'EASTSIDE EXPRESS'),(5714,'ECI CUSTOM BROKERS'),(5715,'ECI CUSTOMS'),(5716,'ECONOCARIBE CONSOLIDATORS, INC'),(5717,'EIMSKIP LOGISTICS'),(5718,'EL CHAER LTD'),(5719,'ELCO FREIGHT INTERNATIONAL'),(5720,'EMBASSY CARGO, INC.'),(5721,'EMO TRANS'),(5722,'EMO TRANS CA INC.'),(5723,'ENCORE FORWARDING INC'),(5724,'ENCORE FORWARDING INC.'),(5725,'ENDEAVOR CARGO &LOGISTICS'),(5726,'ENI SHIPPING INC.'),(5727,'ENVIROCARE SEE K-LINE'),(5728,'EPIS PRODUCTIONS, INC'),(5729,'EQUIPMENT SPARE PARTS'),(5730,'ESTABLISHMENT'),(5731,'ETS'),(5732,'EVANS WOOD CAULFIED INC'),(5733,'EVERETT FREIGHT SYSTEMS'),(5734,'EVERGREEN AMERICA CORP.'),(5735,'EVOLUTION TRANSPORT'),(5736,'EXCLUSIVE AIR TRANSPORT'),(5737,'EXEL SEAFREIGHT'),(5738,'EXEL TRANSPORTATION'),(5739,'EXPEDITORS INT\'L'),(5740,'EXPLORE  AIRTRANS   GATE 5'),(5741,'EXPO TRANS LTD'),(5742,'EXPORT IMPORT SCVS'),(5743,'EXPORT IMPORT SERVICES'),(5744,'EXPRESS AIR FREIGHT UNLIMITED'),(5745,'EXPRESS CONSOLIDATION SYSTEMS'),(5746,'EXPRESS FREIGHT INT\'L'),(5747,'EXPRESS FREIGHT SYSTEMS, INC.'),(5748,'EXPRESS LINE INC.'),(5749,'EXPRESS TRANSPORT BY AIR'),(5750,'F&E TRADING LLC'),(5751,'F.O.B. INTERNATIONAL INC.'),(5752,'FALCON GLOBAL EDGE'),(5753,'FASHION FORWARD WORLDWIDE'),(5754,'FAST FORWARDING INC'),(5755,'FASTRANS LOGISTICS'),(5756,'FEDEX TRADE NETWORKS T&B'),(5757,'FFE LOGISTICS'),(5758,'FINAL MILE LOG-A MERCURY AC CO'),(5759,'FIRST FREIGHT CORP.'),(5760,'FLAIR HOME FURNISHINGS, INC.'),(5761,'FLG'),(5762,'FNS INC.'),(5763,'FOOTPRINTS LOGISTICS'),(5764,'FORCE ONE TRUCKING'),(5765,'FORMOSA INT\'L FREIGHT'),(5766,'FORWARD AIR'),(5767,'FORWARDERS INT\'L, INC.'),(5768,'FOX MOULDING'),(5769,'FRACHT FORWARDING'),(5770,'FREIGHT LOGISTICS INC.'),(5771,'FREIGHT SVC GROUP/DULLES'),(5772,'FRESH AIR FREIGHT'),(5773,'FURMAN FOODS'),(5774,'G&M LOGISTICS'),(5775,'G96 PRODUCTS'),(5776,'GAFFNEY KROESE'),(5777,'GARDEN STATE TRAFFIC'),(5778,'GATEWAY LEASING, INC.'),(5779,'GAVA INTL. FREIGHT'),(5780,'GCS LOGISTICS INC.'),(5781,'GEM CUSTOMS BROKERS, INC.'),(5782,'GENZYME'),(5783,'GEORGE NIKIFOROV'),(5784,'GFI EXPRESS CORP.'),(5785,'GIF SEE INTEGRITY #995'),(5786,'GILD INC.'),(5787,'GIVAUDAN FLAVORS CORP.'),(5788,'GLOBAL CONTAINER LINE'),(5789,'GLOBAL ESSENCE'),(5790,'GLOBAL LOGISTICAL CONNECTIONS'),(5791,'GLOBAL LOGISTICS SHIPPING'),(5792,'GLOBAL SHIPPING'),(5793,'GLOBAL TRADE & CUSTOMS'),(5794,'GLOBAL TRANSPORTATION'),(5795,'GLOBAL TRANSPORTATION SYSTEMS'),(5796,'GM EXPRESS'),(5797,'GNT LOGISTICS'),(5798,'GNT LOGISTICS, INC.'),(5799,'GP LOGISTICS'),(5800,'GRAF AIR FREIGHT'),(5801,'GRANT INDUSTRIES'),(5802,'GRAZIELLA ACCOCIATES'),(5803,'GREEN WORLDWIDE'),(5804,'GTS USA'),(5805,'H & FRIENDS FREIGHT, INC.'),(5806,'HAIL AIR FREIGHT, INC'),(5807,'HANKYU CARGO/NEW YORK BRANCH'),(5808,'HANKYU INT\'L TRANSPORT'),(5809,'HANSHIN'),(5810,'HAPPY INTERNATIONAL'),(5811,'HEBEN HEALTHCARE, INC'),(5812,'HECNY'),(5813,'HELLER INDUSTRIES,INC'),(5814,'HELLMANN SERVICE CENTER S.A.'),(5815,'HEMISPHERE FORWARDING INC.'),(5816,'HIPAGE COMPANY'),(5817,'HORIZON INTL. CARGO'),(5818,'HPK LOGISTICS INC.'),(5819,'HTD HEAT TRACE INC.'),(5820,'I-LOGISTICS'),(5821,'I-PACK EXPRESS CORP'),(5822,'I.C.A.T. LOGISTICS'),(5823,'I.Q. GLOBAL LOGISTICS CORP.'),(5824,'ICE-GLOBAL LOG.'),(5825,'IES LOGISTICS CORP.'),(5826,'IJS'),(5827,'IJS GLOBAL'),(5828,'IKAROS TRANSPORT INC.'),(5829,'ILANS INC'),(5830,'IMAL  IMAL  SEE WORLDWIDE'),(5831,'IMIG INC.'),(5832,'IMMEDIATE CUSTOMS SVC'),(5833,'IMMEDIATE WORLDWIDE TRANSPORT'),(5834,'IMPERIAL FREIGHT BROKERS'),(5835,'IMPEX GLS, INC.'),(5836,'IMPORT EXPRESS CORP.'),(5837,'IMPORT-EXPORT SVC OF NJ'),(5838,'IMS'),(5839,'IN-TIME SHIPPING CORP'),(5840,'INDFRAG LIMITED'),(5841,'INSTRUMENTS SA/SPEX - EDISON'),(5842,'INT\'L CARGO INC'),(5843,'INT\'L COMM. & TRANSPORT INC.'),(5844,'INT\'L EXPRESS SHIPPING'),(5845,'INTAPORT COMPANY INC'),(5846,'INTEGRATED FREIGHT'),(5847,'INTEGRITY CARGO'),(5848,'INTER-AIRPORT EXPRESS CORP.'),(5849,'INTERGLOBO'),(5850,'INTERGLOBO MORRA N.A.'),(5851,'INTERGRATED LOGISTICS'),(5852,'INTERNATIONAL AIR CONSOL.'),(5853,'INTERNATIONAL CO-LOAD, INC.'),(5854,'INTERNATIONAL CUSTOM BROKER'),(5855,'INTERPROME MARKETING'),(5856,'INTERTRANS'),(5857,'INTL TRANSPORTATION CORP'),(5858,'J. INGRAM ASSOCIATES'),(5859,'J.F. MORAN CO INC'),(5860,'J.H. BACHMANN / ORD'),(5861,'J.J.L.L. INC'),(5862,'JACOBSON GLOBAL'),(5863,'JACOBSON GLOBAL LOGISTICS'),(5864,'JAGRO'),(5865,'JAIHERB'),(5866,'JAN PACKAGING'),(5867,'JANEL GROUP'),(5868,'JAS FWD'),(5869,'JAV INTL.'),(5870,'JCOB & CO., INC.'),(5871,'JEFRON MESSENGER SERVICES'),(5872,'JET SPEED AIR CARGO'),(5873,'JET SPEED LOGISTICS'),(5874,'JM RODGERS CO., INC'),(5875,'JMKC EXPRESS'),(5876,'JOBIN YVON INC.'),(5877,'JOHN A. STEER'),(5878,'JOHN S. CONNOR INC'),(5879,'JRS TRUCKING SERVICES, INC.'),(5880,'JTW AIR EXPRESS'),(5881,'K LINE'),(5882,'K LINE LOG'),(5883,'K LOGISTICS CORP'),(5884,'K&N AIR/JFK ONLY'),(5885,'K&N MSP DOMESTIC'),(5886,'K+L FREIGHT'),(5887,'KAMINO'),(5888,'KAYLA LOGISTICS'),(5889,'KELVIN'),(5890,'KEYSTONE INT\'L LOGISTICS'),(5891,'KINGSCOTE FREIGHT, INC.'),(5892,'KINTETSU WORLD EXPRESS'),(5893,'KNF NEUBERGER INC'),(5894,'KOBO PRODUCTS INC.'),(5895,'KOL'),(5896,'KROWN USA'),(5897,'KSL USA, INC'),(5898,'KUEHNE + NAGEL'),(5899,'L.A.S.L.'),(5900,'LA PRAIRIE INC'),(5901,'LANDROVER SMITHTOWN'),(5902,'LANDSTAR SYSTEMS'),(5903,'LANGHAM'),(5904,'LAUFER CLEARANCE CO.'),(5905,'LAUFER FREIGHT LINES'),(5906,'LAUFER GROUP INT\'L LTD'),(5907,'LEADING EDGE LOGISTICS'),(5908,'LELAND LIMITED, INC'),(5909,'LESCHACO INC.'),(5910,'LESCHACO/RICHMOND VA'),(5911,'LIVINGSTON INTERNATIONAL, INC'),(5912,'LMJ LOGISTICS'),(5913,'LOGFRET INC.'),(5914,'LOGISTICS TRANSPORTATION'),(5915,'LYNDEN AIR FREIGHT'),(5916,'LYNDEN/POLARIS AIR FREIGHT'),(5917,'M&L TRUCKING'),(5918,'M-PACT MNGT. SOLUTIONS'),(5919,'M.A.C.'),(5920,'M.H. LOGISTICS'),(5921,'MAC TRANSPORTATION SERVICES'),(5922,'MACRO TRANSPORT'),(5923,'MAGIC FREIGHT C/O K LOGITICS'),(5924,'MAHER TERMINALS'),(5925,'MAINFREIGHT INC'),(5926,'MAIRON INTL.'),(5927,'MAKO GROUP'),(5928,'MALLORY ALEXANDER INT\'L LOG.'),(5929,'MANACO INT\'L'),(5930,'MANAGEMENT CONSULTANT BROKER'),(5931,'MANNA FREIGHT SYSTEMS'),(5932,'MARAIS INC.'),(5933,'MARATHON LINE NY, INC'),(5934,'MARELI INTL.'),(5935,'MARELI INTL. INCORPORATED'),(5936,'MARK ADAMS'),(5937,'MARK AIR FREIGHT'),(5938,'MARLBORO INDUSTRIAL PARK'),(5939,'MARLOWE & CO., INC'),(5940,'MARQUIS'),(5941,'MASTER FORWARDING NETWORK'),(5942,'MBH INT\'L CORP.'),(5943,'MCS, INC.'),(5944,'MDS LOGISTICS, INC.'),(5945,'MEADOWBROOK INVENTIONS, INC.'),(5946,'MEGATRUX, INC'),(5947,'MEGATRUX-PETICCA EXPRESS'),(5948,'MERIT FREIGHT SYSTEMS'),(5949,'METRO FREIGHT'),(5950,'METRO WORLDWIDE SERVICES, INC.'),(5951,'MICHAEL ARAM INC.'),(5952,'MID-AMERICAN OVERSEAS'),(5953,'MIGUEL & VALENTINO'),(5954,'MILCOR INDUSTRIES'),(5955,'MILLENNIUM TRANSPORTATION INC.'),(5956,'MINICO'),(5957,'MISTLER AIR FREIGHT'),(5958,'MJ LOGISTICS'),(5959,'MODE TRANSPORTATION'),(5960,'MODERN ART SERVICES LTD'),(5961,'MONTEBELLO FOODS'),(5962,'MORRISON\'S EXPRESS'),(5963,'MPAK INTERNATIONAL INC.'),(5964,'MRZ TRUCKING'),(5965,'MSAS CARGO'),(5966,'MULLER SHIPPING CORP.'),(5967,'MUSSON INTL.'),(5968,'NATIONAL ROUTING/EWR'),(5969,'NATIONWIDE SALES & SERVICE'),(5970,'NATURAL NYDEGGER TRANS CORP.'),(5971,'NAVIGATIONAL LOGISTICS, INC.'),(5972,'NDO AMERICA INC.'),(5973,'NETWORK BROKERS INTL INC'),(5974,'NEW DIREX, INC.'),(5975,'NEW WORLD FREIGHT'),(5976,'NFI GLOBAL'),(5977,'NFO CARGO INC.'),(5978,'NIPPON EXPRESS'),(5979,'NNR GLOBAL LOGISTICS USA, INC.'),(5980,'NORVIK CARGO INT\'L'),(5981,'NOVO A/K/A AMFEX'),(5982,'NYCITEX CORP.'),(5983,'NYK LINE'),(5984,'O.E.C. FREIGHT INC.'),(5985,'OCEAN BOTANICALS & SPICES'),(5986,'OCEAN LINK'),(5987,'OCEANAIR INC.'),(5988,'OEC SHIPPING LOS ANGELES INC'),(5989,'OMADA WORLDWIDE EXPEDITE INC'),(5990,'OMNI LOGISTICS INC'),(5991,'OMNITRANS CORP.'),(5992,'ON THE MOVE'),(5993,'ON TIME'),(5994,'ONE LINK LOGISTICS'),(5995,'ONYX INTERNATIONAL INC.'),(5996,'OOCL  INC.'),(5997,'OVERNIGHT SOLUTION, INC'),(5998,'OVERSEAS ENTERPRISES'),(5999,'PACIFIC SHIPPING COMPANY'),(6000,'PACIFIC TRANSIT SERVICES INC.'),(6001,'PACTRANS INC.'),(6002,'PAFCO IMPORTING'),(6003,'PANALPINA AIR FREIGHT'),(6004,'PANTONE'),(6005,'PDS FREIGHT SERVICES'),(6006,'PERFECT AIR & SEA SERVICE INC.'),(6007,'PERIMETER LOGISTICS'),(6008,'PHOENIX INT\'L'),(6009,'PHOENIX SALES & SERVICES'),(6010,'PILOT AIR FREIGHT'),(6011,'PLATINUM CARGO LOGISTICS'),(6012,'POLARIS DEVELOPMENT CORP.'),(6013,'POLMAX'),(6014,'PORT AIR CARGO'),(6015,'POWER FREIGHT SERVICES'),(6016,'POWER LIGHT SHIPPING COMP.'),(6017,'PRECISION DEALER SERVICES, INC'),(6018,'PREMIUM EXPEDITE INC'),(6019,'PRESTIGIOUS AIR SERVICES'),(6020,'PRINCETON INSTRUMENTS'),(6021,'PROFORMANCE UNLIMITED INC.'),(6022,'PROFREIGHT BROKERS, INC.'),(6023,'PRONTO FREIGHT WAYS, INC.'),(6024,'PT GROUP'),(6025,'PWD INCORPORATED'),(6026,'Q W EXPRESS'),(6027,'QUANTUM INTERNATIONAL'),(6028,'QUEST INTERNATIONAL FRAGRANCES'),(6029,'QW EXPRESS'),(6030,'R.L. SWEARER COMPANY'),(6031,'R.S. EXPRESS / ORD'),(6032,'RADIANT GLOBAL'),(6033,'RADIANT LOGISTICS'),(6034,'RADICCHIO KING, INC.'),(6035,'RADIUS INTERNATIONAL'),(6036,'RADIX GROUP'),(6037,'RAIA /JOHN T RAIA CHB INT'),(6038,'RAMCO TRANSPORT'),(6039,'RANDY INTERNATIONAL'),(6040,'RAPID AIR FREIGHT'),(6041,'RAY PADULA ENT.'),(6042,'REGIONAL FREIGHT SYSTEMS - EWR'),(6043,'RENDIC CORP'),(6044,'RESOURCE LOGISTICS'),(6045,'RFL ELECTRONICS'),(6046,'RG LOGISITICS LTD'),(6047,'RHE'),(6048,'RIA INTERNATIONAL'),(6049,'RND EXHIBITS INT\'L'),(6050,'ROBERT DUNCAN'),(6051,'ROCK-IT CARGO USA LLC'),(6052,'ROHDE & LIESENFELD INC'),(6053,'ROSE CONTAINERLINE, INC.'),(6054,'ROTRA, LLC'),(6055,'RUSSO TIESI IMPORTS'),(6056,'RYCO LOGISTICS'),(6057,'S&S FOOD BROKERS'),(6058,'SAGA INC.'),(6059,'SALMINI WORLDWIDE'),(6060,'SAMUEL SHAPIRO & CO'),(6061,'SARADON DISPLAY'),(6062,'SAVINO DEL BENE'),(6063,'SBS WORLD WIDE'),(6064,'SCANAM TRANSPORT'),(6065,'SCARBROUGH INTERNATIONAL'),(6066,'SCHAEFER TRANS'),(6067,'SCHENKER'),(6068,'SCHNEIDER FREIGHT USA. INC'),(6069,'SCHNEIDER LOGISTICS'),(6070,'SCHWABEN EXPRESS, INC.'),(6071,'SCR AIR SERVICES, INC.'),(6072,'SDV'),(6073,'SDV USA'),(6074,'SEAJET'),(6075,'SEKO WORLDWIDE'),(6076,'SELECT TRANSPORTATION'),(6077,'SENATOR INT\'L'),(6078,'SENTRY AEROSPACE CORP.'),(6079,'SERVICE BY AIR'),(6080,'SERVICE SHIPPING, INC.'),(6081,'SETON COMPANY'),(6082,'SFO EXPRESS'),(6083,'SHANAHAN TRANSPORT SYSTEMS, IN'),(6084,'SHAW LOGISTICS, LLC'),(6085,'SHEA TRUCKING'),(6086,'SHIPPING INTERNATIONAL'),(6087,'SIMPLE FREIGHT SOLUTIONS'),(6088,'SINO LION, LTD'),(6089,'SKY 2 C FREIGHT SYSTEMS'),(6090,'SKY KING/MSAS'),(6091,'SKYLINE FREIGHT INC.'),(6092,'SKYLINK GLOBAL LOGISITICS, INC'),(6093,'SKYVIEW LOGISTICS'),(6094,'SMB LOGISTICS'),(6095,'SNATT USA INC'),(6096,'SNS SERVICES'),(6097,'SOLENT FREIGHT SERVICES'),(6098,'SPECIALTY FREIGHT SERVICES INC'),(6099,'SPECTRAN / MITCHELL AIR'),(6100,'SPEEDMARK'),(6101,'SPEEDWAY'),(6102,'SPEX CERTIPREP/U.S.A. - METUCH'),(6103,'SPIRENT COMMUNICATIONS'),(6104,'SQ UNLIMITED TRANS. SERVICES'),(6105,'STARLAX INTERNATIONAL INC.'),(6106,'STEPHEN GOULD CORP'),(6107,'STERLING CHB'),(6108,'STONEPATH LOGISTICS'),(6109,'STRAIGHTWAY INC.'),(6110,'STRIVE LOGISITCS'),(6111,'SURFSIDE FREIGHT FWD, INC'),(6112,'SWINGLINE MGMT. SERVICES'),(6113,'SYMRISE INC'),(6114,'SYNERGY LOGISTICS'),(6115,'T&T CARGO SERVICES INC'),(6116,'T.D.C. USA, INC.'),(6117,'TAGGART INT\'L, LTD'),(6118,'TARRASERVICES'),(6119,'TAZMANIAN FREIGHT'),(6120,'TEAM AIR EXPRESS'),(6121,'TELEPARTS'),(6122,'THE ATLANTIC CONNECTION.'),(6123,'THE MAKO GROUP'),(6124,'TIFA INT\'L LLC'),(6125,'TIGERS GLOBAL'),(6126,'TIGERS USA GLOBAL LOG.'),(6127,'TITAN SERVICES'),(6128,'TNT FREIGHT MNGT.'),(6129,'TOTAL TRANS'),(6130,'TRANS FREIGHT'),(6131,'TRANS FREIGHT SERVICES'),(6132,'TRANS-PAK INC.'),(6133,'TRANSBORDER AIR CARGO'),(6134,'TRANSCO PRODUCTS CORP'),(6135,'TRANSGROUP/TRANSFAIR'),(6136,'TRANSWAY FREIGHT SYSTEMS'),(6137,'TRANSWORLD FREIGHT SYSTEMS, IN'),(6138,'TRIPLE \"B\" FORWARDERS INC'),(6139,'TRUMP CARD'),(6140,'uti'),(6141,'UNIQUE SYSTEMS, INC.'),(6142,'UNIVERSAL LOGISTICS'),(6143,'US CARGO, INC.'),(6144,'US WORLDWIDE'),(6145,'UT FREIGHT SERVICE LTD'),(6146,'UTC OVERSEAS'),(6147,'UTC-OVERSEAS'),(6148,'UTI'),(6149,'WEISS-ROHLIG'),(6150,'WELLSTON FREIGHT INC.'),(6151,'WESTERN OVERSEAS CORP.'),(6152,'WORLD TRADE TRANSPORT OF VA'),(6153,'WORLDWIDE'),(6154,'WORLDWIDE LOGISTICS'),(6155,'WORTHMORE FORWARDING'),(6156,'YICHENG LOGISTICS INC.'),(6157,'Untitled'),(6158,'Untitled'),(6159,'Untitled'),(6160,'Untitled'),(6161,'Untitled'),(6162,'Untitled'),(6163,'Untitled'),(6164,'Untitled'),(6165,'Untitled');
/*!40000 ALTER TABLE `clients` ENABLE KEYS */;
UNLOCK TABLES;

--
-- Table structure for table `invoices`
--

DROP TABLE IF EXISTS `invoices`;
/*!40101 SET @saved_cs_client     = @@character_set_client */;
/*!40101 SET character_set_client = utf8 */;
CREATE TABLE `invoices` (
  `id` int(11) NOT NULL AUTO_INCREMENT,
  `client_id` int(11) NOT NULL,
  `order_ids` varchar(256) COLLATE utf8_bin DEFAULT NULL,
  `date_from` datetime DEFAULT NULL,
  `date_to` datetime DEFAULT NULL,
  `total` float DEFAULT NULL,
  `date_due_by` datetime DEFAULT NULL,
  `date_paid` datetime DEFAULT NULL,
  `date_created` datetime DEFAULT NULL,
  `invoice_number` varchar(64) COLLATE utf8_bin DEFAULT NULL,
  `client_station_id` int(11) DEFAULT NULL,
  PRIMARY KEY (`id`)
) ENGINE=InnoDB AUTO_INCREMENT=7 DEFAULT CHARSET=utf8 COLLATE=utf8_bin;
/*!40101 SET character_set_client = @saved_cs_client */;

--
-- Dumping data for table `invoices`
--

LOCK TABLES `invoices` WRITE;
/*!40000 ALTER TABLE `invoices` DISABLE KEYS */;
INSERT INTO `invoices` VALUES (1,5568,'1','2015-05-08 00:00:00','2015-05-22 00:00:00',450,'2015-05-08 00:00:00',NULL,NULL,'1230522.15',9),(2,5568,'1,4','2015-05-01 00:00:00','2015-06-16 00:00:00',550,'2015-06-02 00:00:00',NULL,NULL,'123456',9),(3,6148,'7,9,11','2015-06-15 00:00:00','2015-06-19 00:00:00',451.08,'2015-07-17 00:00:00',NULL,NULL,'296061915',752),(4,6148,'12','2015-06-15 00:00:00','2015-06-17 00:00:00',25,'2015-07-17 00:00:00',NULL,NULL,'296061415',752),(5,6148,'12','2015-06-15 00:00:00','2015-06-21 00:00:00',25,'2015-07-17 00:00:00',NULL,NULL,'296061417',752),(6,6148,'7,9,11,12','2015-06-15 00:00:00','2015-06-19 00:00:00',476.08,'2015-06-04 00:00:00',NULL,NULL,'1230619.15',752);
/*!40000 ALTER TABLE `invoices` ENABLE KEYS */;
UNLOCK TABLES;

--
-- Table structure for table `migrations`
--

DROP TABLE IF EXISTS `migrations`;
/*!40101 SET @saved_cs_client     = @@character_set_client */;
/*!40101 SET character_set_client = utf8 */;
CREATE TABLE `migrations` (
  `ran_migrations` text COLLATE utf8_bin,
  `last_migration_date` timestamp NOT NULL DEFAULT CURRENT_TIMESTAMP ON UPDATE CURRENT_TIMESTAMP
) ENGINE=InnoDB DEFAULT CHARSET=utf8 COLLATE=utf8_bin;
/*!40101 SET character_set_client = @saved_cs_client */;

--
-- Dumping data for table `migrations`
--

LOCK TABLES `migrations` WRITE;
/*!40000 ALTER TABLE `migrations` DISABLE KEYS */;
INSERT INTO `migrations` VALUES ('0_forward.sql','2015-05-20 02:46:21');
/*!40000 ALTER TABLE `migrations` ENABLE KEYS */;
UNLOCK TABLES;

--
-- Table structure for table `orders`
--

DROP TABLE IF EXISTS `orders`;
/*!40101 SET @saved_cs_client     = @@character_set_client */;
/*!40101 SET character_set_client = utf8 */;
CREATE TABLE `orders` (
  `id` int(11) NOT NULL AUTO_INCREMENT,
  `status` varchar(128) COLLATE utf8_bin NOT NULL,
  `date_created` datetime DEFAULT NULL,
  `client_id` int(11) DEFAULT NULL,
  `origin_address` varchar(256) COLLATE utf8_bin DEFAULT NULL,
  `origin_city` varchar(128) COLLATE utf8_bin DEFAULT NULL,
  `origin_state` varchar(64) COLLATE utf8_bin DEFAULT NULL,
  `origin_zipcode` varchar(12) COLLATE utf8_bin DEFAULT NULL,
  `description` varchar(512) COLLATE utf8_bin DEFAULT NULL,
  `pieces` int(11) DEFAULT NULL,
  `weight` varchar(12) COLLATE utf8_bin DEFAULT NULL,
  `ready_time` datetime DEFAULT NULL,
  `close_time` datetime DEFAULT NULL,
  `additional` varchar(512) COLLATE utf8_bin DEFAULT NULL,
  `fuel_surcharge` float DEFAULT NULL,
  `third_party_address` varchar(256) COLLATE utf8_bin DEFAULT NULL,
  `third_party_city` varchar(128) COLLATE utf8_bin DEFAULT NULL,
  `third_party_state` varchar(64) COLLATE utf8_bin DEFAULT NULL,
  `third_party_zipcode` varchar(12) COLLATE utf8_bin DEFAULT NULL,
  `payment_type` varchar(24) COLLATE utf8_bin DEFAULT NULL,
  `pod_signature` varchar(128) COLLATE utf8_bin DEFAULT NULL,
  `pod_date` datetime DEFAULT NULL,
  `pod_total` varchar(64) COLLATE utf8_bin DEFAULT NULL,
  `order_number` varchar(128) COLLATE utf8_bin DEFAULT NULL,
  `client_station_id` int(11) DEFAULT NULL,
  `destination_address` varchar(256) COLLATE utf8_bin DEFAULT NULL,
  `destination_city` varchar(128) COLLATE utf8_bin DEFAULT NULL,
  `destination_state` varchar(64) COLLATE utf8_bin DEFAULT NULL,
  `destination_zipcode` varchar(12) COLLATE utf8_bin DEFAULT NULL,
  `origin_address2` varchar(128) COLLATE utf8_bin DEFAULT NULL,
  `destination_address2` varchar(128) COLLATE utf8_bin DEFAULT NULL,
  `third_party_address2` varchar(128) COLLATE utf8_bin DEFAULT NULL,
  `destination_name` varchar(128) COLLATE utf8_bin DEFAULT NULL,
  `customer_number` varchar(128) COLLATE utf8_bin DEFAULT NULL,
  `shipper_enabled` tinyint(4) DEFAULT NULL,
  `shipper_name` varchar(128) COLLATE utf8_bin DEFAULT NULL,
  `delivery_type` varchar(128) COLLATE utf8_bin DEFAULT NULL,
  PRIMARY KEY (`id`),
  KEY `client_id` (`client_id`)
) ENGINE=InnoDB AUTO_INCREMENT=28 DEFAULT CHARSET=utf8 COLLATE=utf8_bin;
/*!40101 SET character_set_client = @saved_cs_client */;

--
-- Dumping data for table `orders`
--

LOCK TABLES `orders` WRITE;
/*!40000 ALTER TABLE `orders` DISABLE KEYS */;
INSERT INTO `orders` VALUES (1,'COMPLETE','2015-05-20 20:05:00',5568,'','','0','','GENERAL CARGO',3,'233','2015-10-22 13:10:00','2015-10-28 14:10:00','DIMS 48X40X48-3',NULL,'','','0','','collect','Ryan Weiss','2015-05-22 20:05:00','$450.00','5568-1-150520',9,'2345 ESTES AVENUE','ELK GROVE VILLAGE','IL','60007','','','','dELIVERY NAME',NULL,0,NULL,'delivery'),(2,'COMPLETE','2015-06-10 15:06:00',5978,'HOSAGOWA','CHATHAM','NJ','07901','GRINDER PARTS',1,'792','2015-06-10 15:06:00','2015-06-10 15:06:00',NULL,29,'','','0','','collect','RON','2015-06-09 15:06:00','$450.00','128892',490,'50 EXECUTIVE AVE','EDISON','NJ','08817','10 CHATHAM RD','','',NULL,NULL,NULL,NULL,NULL),(3,'COMPLETE','2015-06-16 12:06:00',5698,'jfk int\'l ctr blvd','jamaica','NY','11434','liftgate / inside pu',1,'250','2015-06-16 12:06:00','2015-06-17 13:06:00',NULL,25,'','','0','','collect','POD','2015-06-17 13:06:00','$450.00','129021',163,'10601A  SEYMOUR AVENUE','FRANKLIN PARK','IL','60131','','','',NULL,NULL,NULL,NULL,NULL),(4,'COMPLETE','2015-06-16 13:06:00',5568,'ABC COMPANY','NEWARK','NJ','07114',NULL,10,'400','2015-06-16 13:06:00','2015-06-16 16:06:00','abc trucking',NULL,'','','0','','collect','r.s.','2015-06-15 15:06:00','$100.00','5568-4-20150616',9,'2345 ESTES AVENUE','ELK GROVE VILLAGE','IL','60007','','','',NULL,NULL,NULL,NULL,NULL),(5,'COMPLETE','2015-06-16 15:06:00',6072,'loreal','mon junct','NJ','08852',NULL,5,'3500','2015-06-16 15:06:00','2015-06-16 15:06:00','BOL# 045566',NULL,'','','0','','collect','JACOB','2015-06-17 08:06:00','$550.00','129044',635,'SDV C/O J & J','JAMAICA','NY','11434','','','',NULL,NULL,1,'LOREAL','pickup'),(7,'COMPLETE','2015-06-17 11:06:00',6148,'freeway drive','farmingdale','NJ','07727','pick up from Springfield NJ to Newark NJ',30,'3809','2015-06-15 11:06:00','2015-06-15 17:06:00',NULL,25,'','','0','','collect','jose p','2015-06-16 11:06:00','$316.63','115687574',752,'SITE 3318 /AE /PUD','EDISON','NJ','08817','','','',NULL,NULL,NULL,NULL,NULL),(9,'COMPLETE','2015-06-17 11:06:00',6148,'300 valley rd','hillsborough','NJ','08844','pick up',1,'500','2015-06-15 11:06:00','2015-06-15 17:06:00',NULL,25,'','','0','','collect','jose','2015-06-16 09:06:00','$55.30','115688871',752,'SITE 3318 /AE /PUD','EDISON','NJ','08817','','','',NULL,NULL,NULL,NULL,NULL),(10,'COMPLETE','2015-06-16 11:06:00',5590,'UNITED-EWR','NEWARK','NJ','07114','UNITED-EWR TO BARNEY\'S',5,'282','2015-06-15 11:06:00','2015-06-17 11:06:00','PU/DLV',25,'','','0','','collect','Q MOSLEY','2015-06-16 11:06:00','$29.96','1130139',38,'1201 VALLEY BROOK AVE','LYNDHURST','NJ','07071','','','',NULL,NULL,NULL,NULL,NULL),(11,'COMPLETE','2015-06-17 11:06:00',6148,'140 belmont dr','somerset','NJ','08873',NULL,3,'833','2015-06-15 11:06:00','2015-06-15 17:06:00',NULL,25,'','','0','','collect','jose','2015-06-16 09:06:00','$79.15','115691774',752,'SITE 3318 /AE /PUD','EDISON','NJ','08817','','','',NULL,NULL,NULL,NULL,'transfer'),(12,'COMPLETE','2015-06-17 12:06:00',6148,'77 executive ave','edison','NJ','08837','transfer Turkish airlines/jfk',1,'14','2015-06-15 16:06:00','2015-06-16 12:06:00',NULL,25,'','','0','','collect','ruben','2015-06-16 12:06:00','$25.00','115655164A',752,'SITE 3318 /AE /PUD','EDISON','NJ','08817','','','',NULL,NULL,NULL,NULL,NULL),(13,'INCOMPLETE','2015-06-17 13:06:00',5569,'182-20 150th ROAD (#3)','JAMAICA','NY','11434','skids',1,'250','2015-06-18 12:06:00','2015-06-18 23:06:00','test',0,'','','0','','prepaid',NULL,NULL,NULL,'123456',12,'121 w. lavender rd.1','wildwood crest','NJ','08260','','','',NULL,NULL,NULL,NULL,NULL),(14,'INCOMPLETE','2015-06-18 13:06:00',5563,'ABC CO.','NEWARK','NJ','07114',NULL,1,'1000','2015-06-18 13:06:00','2015-06-18 13:06:00',NULL,NULL,'','','0','','collect',NULL,NULL,NULL,'1234569',4,'MRZ','JAMAICA','NY','11434','','','',NULL,NULL,NULL,NULL,NULL),(15,'COMPLETE','2015-06-29 18:06:00',5573,'DCL COMPANY','NEWARK','NJ','07114',NULL,1,'300','2015-06-29 15:06:00','2015-06-29 17:06:00',NULL,NULL,'','','0','','prepaid','R.S.','2015-06-30 08:06:00','$125.00','1457890',17,'PWL TRUCKING','JFK','NY','11434','','','',NULL,NULL,NULL,NULL,NULL),(16,'INCOMPLETE','2015-07-06 14:07:00',5608,'ABC COMPANY','UNION','NJ','08857',NULL,5,'5000','2015-07-06 14:30:08','2015-07-06 14:30:08',NULL,NULL,'','','0','','collect','',NULL,NULL,'987654',62,'224 BUFFALO AVENUE','FREEPORT','NY','11520','123 ABC LANE','','','BRUZZONE SHIPPING',NULL,1,NULL,NULL),(17,'INCOMPLETE','2015-07-07 13:07:00',5578,'def co','elizabeth','NJ','07201',NULL,10,'100','2015-07-07 13:07:00','2015-07-07 13:07:00',NULL,NULL,'','','0','','collect',NULL,NULL,'$500.00','456789',22,'10 WOODBRIDGE CENTER DR. #420','WOODBRIDGE','NJ','07095','110 abs st','','','abc co',NULL,1,NULL,NULL),(18,'COMPLETE','2015-08-19 14:08:00',5560,'5324 GEORGIA HIGHWAY 85','FOREST PARK','GA','30297',NULL,1,'111','2015-08-19 14:22:54','2015-08-19 14:22:54',NULL,NULL,'','','0','','prepaid','rock','2015-08-18 14:08:00','$55.00','123',1,'1 aim way','newark','KS','12554','','','','abc trucking','123',0,NULL,'transfer'),(19,'COMPLETE','2016-01-05 15:01:00',5574,'1234 ABC AVE','NEWARK','NJ','07114',NULL,11,'8900','2016-01-05 15:31:19','2016-01-05 15:31:19',NULL,NULL,'','','0','','collect','DAVID','2016-01-06 15:01:00','$500.00','124355',18,'120 NASSAU AVE.','INWOOD','NY','11096','','','','ALISON TRANSPORT','001',1,'ABC CRATING','pickup'),(20,'INCOMPLETE','2016-01-06 15:01:00',5574,'','EAST HANOVER','NJ','',NULL,5,'100','2016-01-06 15:52:44','2016-01-06 15:52:44',NULL,NULL,'','','0','','collect','',NULL,NULL,'124552',18,'120 NASSAU AVE.','INWOOD','NY','11096','','','','ALISON TRANSPORT',NULL,1,'GIVAUDAN','pickup'),(21,'INCOMPLETE','2016-01-06 15:01:00',5598,'','JERSEY CITY','NJ','',NULL,1,'1000','2016-01-06 15:01:00','2016-01-06 15:01:00',NULL,NULL,'','','0','','collect','',NULL,'$100.00','124556',51,'JFK AIRPORT','JAMAICA','NY','11413','','','','SWIIS AIR',NULL,1,'ST GEORGE WHSE','delivery'),(22,'INCOMPLETE','2016-01-19 13:01:00',5562,'','','0','',NULL,2,'100','2016-01-19 13:01:00','2016-01-19 13:01:00',NULL,NULL,'','','0','','collect',NULL,NULL,NULL,'123456789',3,'333 FIRST STREET','ELIZABETH','NJ','07206','','','','abc crating',NULL,0,NULL,'pickup'),(23,'INCOMPLETE','2016-01-20 17:01:00',6129,'650 SOTH AVE','NEWARK','NJ','07124',NULL,6,'5000','2016-01-20 17:01:00','2016-01-20 17:01:00',NULL,NULL,'','','0','','collect',NULL,NULL,'$550.00','012016',703,'145  HOOK CREEK BLVD','VALLEY STREAM','NY','11581','','','','total transport',NULL,1,'DCN AUTO','pickup'),(24,'INCOMPLETE','2016-01-28 14:01:00',5973,'RT 17 SOUTH','MAHWAH','NJ','',NULL,2,'100','2016-01-28 14:26:59','2016-01-28 14:26:59',NULL,NULL,'','','0','','collect',NULL,NULL,NULL,'012816',484,'95 INIP AVE','INWOOD','NY','11570','','','','NETWORK BROKERS',NULL,1,'RAD DATA','pickup'),(25,'INCOMPLETE','2016-02-02 13:02:00',5574,'760 PORT CARTERET BLVD','CARTERET','NJ','07008',NULL,5,'5000','2016-02-02 13:29:35','2016-02-02 13:29:35',NULL,NULL,'','','0','','collect',NULL,NULL,'$400.00','98765485',18,'120 NASSAU AVE.','INWOOD','NY','11096','','','','ALISON',NULL,1,'VANGUARD','0'),(27,'INCOMPLETE','2016-02-22 14:02:00',6073,'','','0','',NULL,12,'15000','2016-02-22 14:46:50','2016-02-22 16:02:00','FLAT RATE',NULL,'','','0','','collect',NULL,NULL,'$600.00','1357911',640,'10700 Waveland Ave','Franklin Park','IL','60131','','','','SDV C/O J & J',NULL,1,'UNITED AIRLINES','pickup');
/*!40000 ALTER TABLE `orders` ENABLE KEYS */;
UNLOCK TABLES;

--
-- Table structure for table `settings`
--

DROP TABLE IF EXISTS `settings`;
/*!40101 SET @saved_cs_client     = @@character_set_client */;
/*!40101 SET character_set_client = utf8 */;
CREATE TABLE `settings` (
  `id` int(11) NOT NULL AUTO_INCREMENT,
  `name` varchar(256) COLLATE utf8_bin NOT NULL,
  `value` varchar(256) COLLATE utf8_bin DEFAULT NULL,
  PRIMARY KEY (`id`)
) ENGINE=InnoDB DEFAULT CHARSET=utf8 COLLATE=utf8_bin;
/*!40101 SET character_set_client = @saved_cs_client */;

--
-- Dumping data for table `settings`
--

LOCK TABLES `settings` WRITE;
/*!40000 ALTER TABLE `settings` DISABLE KEYS */;
/*!40000 ALTER TABLE `settings` ENABLE KEYS */;
UNLOCK TABLES;

--
-- Table structure for table `user_roles`
--

DROP TABLE IF EXISTS `user_roles`;
/*!40101 SET @saved_cs_client     = @@character_set_client */;
/*!40101 SET character_set_client = utf8 */;
CREATE TABLE `user_roles` (
  `id` int(11) NOT NULL AUTO_INCREMENT,
  `name` varchar(256) COLLATE utf8_bin NOT NULL,
  PRIMARY KEY (`id`)
) ENGINE=InnoDB AUTO_INCREMENT=6 DEFAULT CHARSET=utf8 COLLATE=utf8_bin;
/*!40101 SET character_set_client = @saved_cs_client */;

--
-- Dumping data for table `user_roles`
--

LOCK TABLES `user_roles` WRITE;
/*!40000 ALTER TABLE `user_roles` DISABLE KEYS */;
INSERT INTO `user_roles` VALUES (1,'administrator'),(2,'moderator'),(3,'employee'),(4,'client'),(5,'user');
/*!40000 ALTER TABLE `user_roles` ENABLE KEYS */;
UNLOCK TABLES;

--
-- Table structure for table `users`
--

DROP TABLE IF EXISTS `users`;
/*!40101 SET @saved_cs_client     = @@character_set_client */;
/*!40101 SET character_set_client = utf8 */;
CREATE TABLE `users` (
  `id` int(11) NOT NULL AUTO_INCREMENT,
  `username` varchar(128) COLLATE utf8_bin NOT NULL,
  `firstname` varchar(128) COLLATE utf8_bin NOT NULL,
  `lastname` varchar(128) COLLATE utf8_bin NOT NULL,
  `email` varchar(128) COLLATE utf8_bin NOT NULL,
  `address` varchar(256) COLLATE utf8_bin DEFAULT NULL,
  `address2` varchar(256) COLLATE utf8_bin DEFAULT NULL,
  `city` varchar(128) COLLATE utf8_bin DEFAULT NULL,
  `state` varchar(128) COLLATE utf8_bin DEFAULT NULL,
  `zipcode` varchar(12) COLLATE utf8_bin DEFAULT NULL,
  `phone` varchar(256) COLLATE utf8_bin DEFAULT NULL,
  `role` varchar(128) COLLATE utf8_bin DEFAULT NULL,
  `password` varchar(64) COLLATE utf8_bin DEFAULT NULL,
  PRIMARY KEY (`id`)
) ENGINE=InnoDB AUTO_INCREMENT=8 DEFAULT CHARSET=utf8 COLLATE=utf8_bin;
/*!40101 SET character_set_client = @saved_cs_client */;

--
-- Dumping data for table `users`
--

LOCK TABLES `users` WRITE;
/*!40000 ALTER TABLE `users` DISABLE KEYS */;
INSERT INTO `users` VALUES (1,'rw3iss','Ryan','Weiss','rw3iss@gmail.com',NULL,NULL,NULL,NULL,NULL,NULL,'ADMINISTRATOR','qazokm'),(2,'decaro','DeCaro','Trucking','ryan@decarotrucking.com','22 McClellan St',NULL,'Newark','NJ','07114','','ADMINISTRATOR','Decaro!'),(3,'RStickle','Ron','Stickle','ron@decarotrucking.com','22 McClellan Street',NULL,'Newak','NJ','07114','973-242-0777','EMPLOYEE','RS8410'),(4,'AJeter','Annette','Jeter','annette@decarotrucking.com','22 McClellan Street',NULL,'Newark','NJ','07114','973-242-0777','EMPLOYEE','AJ8410'),(5,'MDecaroJR','Mike JR','DeCaro','mike@decarotrucking.com','22 McClellan Street',NULL,'Newark','NJ','07114','973-242-0777','ADMINISTRATOR','MD8410'),(6,'RDecaro','Ryan','DeCaro','ryan@decarotrucking.com','22 McClellan Street',NULL,'Newark','NJ','07114','973-242-0777','ADMINISTRATOR','RD6711'),(7,'MLabella','Marie','LaBella','marie@decarotrucking.com','22 McClellan Street',NULL,'Newark','NJ','07114','973-242-0777','EMPLOYEE','ML8410');
/*!40000 ALTER TABLE `users` ENABLE KEYS */;
UNLOCK TABLES;
/*!40103 SET TIME_ZONE=@OLD_TIME_ZONE */;

/*!40101 SET SQL_MODE=@OLD_SQL_MODE */;
/*!40014 SET FOREIGN_KEY_CHECKS=@OLD_FOREIGN_KEY_CHECKS */;
/*!40014 SET UNIQUE_CHECKS=@OLD_UNIQUE_CHECKS */;
/*!40101 SET CHARACTER_SET_CLIENT=@OLD_CHARACTER_SET_CLIENT */;
/*!40101 SET CHARACTER_SET_RESULTS=@OLD_CHARACTER_SET_RESULTS */;
/*!40101 SET COLLATION_CONNECTION=@OLD_COLLATION_CONNECTION */;
/*!40111 SET SQL_NOTES=@OLD_SQL_NOTES */;

-- Dump completed on 2016-03-11 10:36:19
